94.267463684082,1012.75671386719,112.62083161252,0,0,180,0.558012305940929,-5.91797780622819,2353,0,0,16384
94.1808700561523,1014.20477294922,112.610902156435,0,0,180,-0.0811243446065258,-5.90501501715915,2813,0,0,16384
93.9580078125,1017.66955566406,112.643848973413,0,0,180,-2.05676445062125,-5.86837104194821,3107,0,0,16384
93.8660583496094,1019.21820068359,112.683599632314,0,0,180,-2.95417519482754,-5.8489961919138,3370,0,0,16384
93.7567138671875,1021.05877685547,112.754569653393,0,0,180,-4.11120923595313,-5.8232815008496,3501,0,0,16384
93.5611267089844,1024.28198242188,112.950180964451,0,0,180,-6.25135186660348,-5.76449967713249,3402,0,0,16384
93.3740005493164,1027.41369628906,113.229210054266,0,0,180,-8.33362078961789,-5.68582274133577,3140,0,0,16384
93.3114700317383,1028.49755859375,113.346434578799,0,0,180,-9.03095961950805,-5.65239762777241,3009,0,0,16384
93.0701522827148,1033.08142089844,113.954374576109,0,0,180,-11.6793268293761,-5.47251183006852,2387,0,0,16384
92.9434967041016,1035.90417480469,114.416019324934,0,0,180,-13.070181249084,-5.3313200910452,2255,0,0,16384
92.8572006225586,1038.04479980469,114.814019110711,0,0,180,-14.0970971740305,-5.21059601653802,2518,0,0,16384
92.7385635375977,1041.16613769531,115.48356792794,0,0,180,-15.861214930988,-5.0098452757554,3206,0,0,16384
92.6891860961914,1042.49645996094,115.804950150914,0,0,180,-16.7534653920383,-4.90953272389948,3206,0,0,16384
92.6598129272461,1043.3212890625,116.015613947761,0,0,180,-17.328861866423,-4.84148563732078,3173,0,0,16384
92.5272750854492,1048.67004394531,117.589515997949,0,0,180,-20.6949487003601,-4.29566510965258,1796,0,0,16384
92.5191116333008,1050.54968261719,118.246820268145,0,0,180,-21.5320247177602,-4.06069790549069,1304,0,0,16384
92.5317687988281,1052.16662597656,118.850196548445,0,0,180,-22.1149224174594,-3.84077883771656,1403,0,0,16384
92.6078872680664,1055.4345703125,120.247300949912,0,0,180,-23.4728576032135,-3.3335419153629,1567,59,0,16384
92.6299591064453,1056.03076171875,120.5409446984,0,0,180,-23.7525734142949,-3.2404650795545,1403,190,0,16384
92.68896484375,1057.33740234375,121.276864541099,0,0,180,-24.31886151424,-3.13731099394197,1206,289,0,16384
92.7375946044922,1058.20178222656,121.817727582475,0,0,180,-24.6655546168387,-3.10625417846789,1075,485,0,16384
92.7685546875,1058.69543457031,122.153663507744,0,0,180,-24.855389154336,-3.11000090253349,977,518,0,16384
92.8403701782227,1059.67797851563,122.865937862936,0,0,180,-25.2076195822397,-3.12316362652052,911,518,0,16384
92.8779602050781,1060.10681152344,123.186329636026,0,0,180,-25.3544329351032,-3.10913620491582,944,518,0,16384
92.9252166748047,1060.61877441406,123.577689895077,0,0,180,-25.5340699185915,-3.07565235088167,1042,551,0,16384
92.9643249511719,1061.02282714844,123.896709709618,0,0,180,-25.6858207114276,-3.04142345328636,1042,551,0,16384
93.178581237793,1063.03076171875,125.84331922891,0,0,180,-26.4861014605175,-3.13577924000675,846,1010,0,16384
93.2245712280273,1063.44494628906,126.33976044143,0,0,180,-26.6540790460157,-3.24034461773864,846,1010,0,16384
93.3246612548828,1064.28332519531,127.351762828814,0,0,180,-27.0095177864482,-3.34566772739099,813,1010,0,16384
93.7115325927734,1067.5888671875,131.311527597829,0,0,180,-28.284084332212,-3.42562025416801,715,1010,0,16384
93.765266418457,1068.03051757813,131.900551062799,0,0,180,-28.4543623372191,-3.43907462172804,715,1010,0,16384
94.0237274169922,1070.14892578125,134.924578988764,0,0,180,-29.3375983651443,-3.48073516781402,813,1010,0,16384
94.0644912719727,1070.40185546875,135.414033490321,0,0,180,-29.4868141522472,-3.48430354749936,813,1010,0,16384
94.1133804321289,1070.71533203125,136.016050890149,0,0,180,-29.6738966350093,-3.48721537636617,813,1010,0,16384
94.1604232788086,1071.07336425781,136.614576070809,0,0,180,-29.859404501359,-3.48989141373724,780,1010,0,16384
94.2167053222656,1071.49743652344,137.337243849819,0,0,180,-30.0758442242946,-3.49179442382784,715,1042,0,16384
94.2578735351563,1071.77124023438,137.866782064716,0,0,180,-30.2251618642621,-3.49264303933059,649,1042,0,16384
94.3067092895508,1072.25671386719,138.519877165504,0,0,180,-30.3900149815776,-3.49893774810717,518,1075,0,16384
94.3398361206055,1072.54504394531,138.960576153913,0,0,180,-30.4852347693556,-3.50926321569908,420,1042,0,16384
94.4815826416016,1073.47277832031,140.771543799598,0,0,180,-30.6977197753796,-3.54515880441414,124,1108,0,16384
94.532844543457,1073.80053710938,141.41188566815,0,0,180,-30.722104727991,-3.55528009306354,59,1075,0,16384
94.6283493041992,1074.41931152344,142.589751784153,0,0,180,-30.7234939309318,-3.56698773599517,0,1075,0,16384
94.7196426391602,1075.02404785156,143.719931405089,0,0,180,-30.6955874697651,-3.58582427832872,0,1108,0,16384
94.8178634643555,1075.69787597656,144.955685629111,0,0,180,-30.6586400648251,-3.60898526538005,0,1075,0,16384
94.8593139648438,1075.99084472656,145.481151319143,0,0,180,-30.6424024410725,-3.61653561147227,0,1075,0,16384
94.9162673950195,1076.40454101563,146.211954665772,0,0,180,-30.6199043488746,-3.62907048437505,0,1075,0,16384
94.9880828857422,1076.94274902344,147.150637589362,0,0,180,-30.5913844739973,-3.64867112461459,0,1075,0,16384
95.0265426635742,1077.240234375,147.661919377356,0,0,180,-30.5761854160043,-3.66067321715225,0,1075,0,16384
95.1093826293945,1077.90209960938,148.776384920634,0,0,180,-30.5432853667505,-3.68179115373178,0,1075,0,16384
95.1841506958008,1078.52661132813,149.80213975479,0,0,180,-30.5125157348488,-3.69955133490013,0,1042,0,16384
95.2282180786133,1078.90588378906,150.411015298536,0,0,180,-30.4940100613927,-3.70553434015616,0,1042,0,16384
95.2649917602539,1079.22973632813,150.926947369028,0,0,180,-30.4784461269839,-3.71209841989611,0,1042,0,16384
95.3884887695313,1080.39147949219,152.754738411011,0,0,180,-30.4259997331595,-3.76934518397114,0,1042,0,16384
95.5378341674805,1081.93505859375,155.07798495846,0,0,180,-30.3617214996621,-3.82899918538332,0,1042,0,16384
95.5782928466797,1082.3857421875,155.734813357589,0,0,180,-30.3436077057271,-3.84726415781033,0,1042,0,16384
95.6509475708008,1083.24353027344,156.96442219043,0,0,180,-30.3105994053883,-3.8876321004202,0,1042,0,16384
95.673828125,1083.52734375,157.363848659334,0,0,180,-30.3001444490493,-3.90022125141198,0,1042,0,16384
95.6920318603516,1083.75805664063,157.686163612845,0,0,180,-30.2918303889183,-3.91019785688621,0,1042,0,16384
95.7499771118164,1084.52136230469,158.734208860964,0,0,180,-30.2653805896519,-3.93904083232314,0,1010,0,16384
95.8180465698242,1085.47241210938,159.999289181223,0,0,180,-30.2327109839344,-3.96191928722343,0,1010,0,16384
95.9095153808594,1086.8974609375,161.832882758191,0,0,180,-30.1396352609722,-3.99876055907962,-416,944,0,16384
95.9581069946289,1087.77453613281,162.904633752341,0,0,180,-29.9340990218009,-3.99390970610071,-579,944,0,16384
95.9750213623047,1088.11267089844,163.311806899064,0,0,180,-29.830757505039,-3.99741670733222,-710,911,0,16384
96.0060577392578,1088.78149414063,164.096597108617,0,0,180,-29.5773092604856,-3.99504517943528,-939,846,0,16384
96.0358505249023,1089.47839355469,164.870601891659,0,0,180,-29.2261378771095,-3.95673898461633,-1428,715,0,16384
96.0955047607422,1091.20068359375,166.600041000617,0,0,180,-27.7341912634278,-3.73961005035858,-2277,551,0,16384
96.1072082519531,1091.64660644531,167.02710755843,0,0,180,-27.2247563420427,-3.69426474164224,-2375,551,0,16384
96.1217041015625,1092.25964355469,167.608808414281,0,0,180,-26.484294142611,-3.65285835053184,-2375,551,0,16384
96.1336898803711,1092.78894042969,168.104181354527,0,0,180,-25.8292103053077,-3.62991169379848,-2343,551,0,16384
96.1420516967773,1093.15295410156,168.439873927904,0,0,180,-25.3765368399025,-3.61819632065919,-2343,551,0,16384
96.1605377197266,1093.8583984375,169.07823746768,0,0,180,-24.4969659394612,-3.60531413969943,-2343,551,0,16384
96.2059860229492,1095.451171875,170.43637371597,0,0,180,-22.51560483602,-3.61740285686138,-2310,551,0,16384
96.2143936157227,1095.79187011719,170.714855612912,0,0,180,-22.0941339243227,-3.62722331475252,-2310,551,0,16384
96.2635192871094,1097.99597167969,172.388528873384,0,0,180,-19.531610126207,-3.73914442735136,-2179,551,0,16384
96.2769317626953,1098.80358886719,172.944207658111,0,0,180,-18.6110095466295,-3.79421415285599,-2375,518,0,16384
96.2853317260742,1099.64929199219,173.488434749642,0,0,180,-17.6056795264691,-3.86184510881578,-2408,518,0,16384
96.3013076782227,1101.8671875,174.692225374324,0,0,180,-15.3922713411457,-3.92496214941038,-873,321,0,16384
96.3161849975586,1102.72631835938,175.09920023619,0,0,180,-14.9281526337638,-3.90893512620819,-841,321,0,16384
96.3283843994141,1103.4345703125,175.432133624413,0,0,180,-14.6102355501439,-3.93095143794069,-743,223,0,16384
96.3484573364258,1104.17114257813,175.836926686299,0,0,180,-14.2600535927544,-3.90078051098682,-514,59,0,16384
96.360710144043,1104.72302246094,176.0422992208,0,0,180,-14.0977946423236,-3.82833697489091,-547,26,0,16384
96.3941345214844,1106.18786621094,176.576750333805,0,0,180,-13.5559681607609,-3.65109514516789,-2049,0,0,16384
96.4038619995117,1107.3876953125,177.015220448814,0,0,180,-12.526696227539,-3.61737668313959,-3028,0,0,16384
96.3940353393555,1108.90649414063,177.564346147888,0,0,180,-10.2980618289554,-3.58940145937083,-3192,0,0,16384
96.3888626098633,1109.31726074219,177.739060882097,0,0,180,-9.40914237659201,-3.5705089764653,-3028,0,0,16384
96.385498046875,1109.56225585938,177.849571648783,0,0,180,-8.82149157303198,-3.55760589899244,-2506,0,0,16384
96.3818511962891,1110.20178222656,178.040957981084,0,0,180,-7.8860471024397,-3.53186727661613,-1102,0,0,16384
96.3882522583008,1110.83081054688,178.205408661485,0,0,180,-7.33760327054517,-3.50664708255634,-677,0,0,16384
96.4038009643555,1111.68969726563,178.391061204047,0,0,180,-6.92595200689765,-3.48568243952196,-1069,0,0,16384
96.4267501831055,1113.09558105469,178.611606989219,0,0,180,-6.3242304927457,-3.48237265214922,-1820,0,0,16384
96.4586181640625,1117.51708984375,179.090624294295,0,0,180,-2.65130852081073,-3.51330779154308,-2506,0,0,16384
96.4581604003906,1118.24829101563,179.129122840932,0,0,180,-1.97349587829444,-3.51692019996205,-2408,0,0,16384
96.4579238891602,1119.10925292969,179.162046423042,0,0,180,-1.20159429748494,-3.52051911175956,-1526,0,0,16384
96.4915542602539,1120.71411132813,179.204941350946,0,0,180,-0.0535266006492856,-3.51738033166722,-612,0,0,16384
96.5077743530273,1122.09375,179.210216022462,0,0,180,0.240297581887087,-3.52907981892765,-939,0,0,16384
96.5164031982422,1122.6884765625,179.206729764814,0,0,180,0.398620105572524,-3.53782441199496,-808,0,0,16384
96.5349884033203,1123.96801757813,179.185549902195,0,0,180,0.691585200332223,-3.55431375816342,-188,0,0,16384
96.551628112793,1124.74877929688,179.164179298903,0,0,180,0.808928103305135,-3.56175819473793,0,0,0,16384
96.5920104980469,1125.94934082031,179.126435992388,0,0,180,0.887175122113791,-3.5743497695488,26,0,0,16384
96.6103897094727,1126.52770996094,179.108595570586,0,0,180,0.883764190163535,-3.58362661750367,747,0,0,16384
96.6230010986328,1126.99450683594,179.095098446084,0,0,180,0.821852327772938,-3.59393001202215,1075,0,0,16384
96.6375961303711,1128.06921386719,179.076115815857,0,0,180,0.57088683001711,-3.61654751971206,1338,0,0,16384
96.6538696289063,1129.86437988281,179.063121928707,0,0,180,-0.13384709015625,-3.65456628943115,1436,0,0,16384
96.6868896484375,1132.54577636719,179.077632034308,0,0,180,-1.10824687801596,-3.69937856370161,0,0,0,16384
96.6980056762695,1133.09948730469,179.079615440435,0,0,180,-1.13383322951358,-3.70812203252499,0,0,0,16384
96.7572860717773,1136.46069335938,179.115946096594,0,0,180,-1.02687562332788,-3.77266769184316,-547,0,0,16384
96.7681121826172,1137.35729980469,179.128860766365,0,0,180,-0.885945196471288,-3.79022729989721,-481,0,0,16384
96.7825469970703,1138.412109375,179.140043260027,0,0,180,-0.689148516990893,-3.81105113928276,-188,0,0,16384
96.8646392822266,1145.01525878906,179.171819699846,0,0,180,-0.481324969389791,-3.93396975505987,0,0,0,16384
96.8790054321289,1146.56237792969,179.173732016729,0,0,180,-0.467041977962225,-3.96607962048723,0,-24,0,16384
96.8858184814453,1147.41235351563,179.17491943419,0,0,180,-0.459136668875714,-3.97728022884224,0,0,0,16384
96.8970031738281,1149.08068847656,179.177068260386,0,0,180,-0.44390554598927,-3.99908644030762,0,-24,0,16384
96.9110717773438,1152.00732421875,179.178852128558,0,0,180,-0.418048395651405,-4.03182425382963,0,-24,0,16384
97.51171875,1203.68701171875,178.946125337894,0,0,270,-0.287665224438106,-2.69745195058075,2190,0,0,16384
97.5562973022461,1204.73034667969,178.97121431792,0,0,270,-1.22292993882989,-2.87444244681227,3107,0,0,16384
97.5719680786133,1205.29504394531,179.002955808792,0,0,270,-1.97079947009179,-2.93097620775732,3665,0,0,16384
97.5790023803711,1205.6748046875,179.032205325568,0,0,270,-2.56555249766966,-2.9531148656668,3632,0,0,16384
97.5841217041016,1206.08239746094,179.071421134245,0,0,270,-3.25305396264903,-2.96848891828636,3402,0,0,16384
97.5905380249023,1206.80981445313,179.157327151558,0,0,270,-4.48783172001717,-2.98886837657763,3337,0,0,16384
97.5941390991211,1207.51708984375,179.270782864844,0,0,270,-5.6990238585807,-3.01516612719544,3599,0,0,16384
97.5942993164063,1208.02758789063,179.364721416332,0,0,270,-6.61105484560398,-3.03909628720489,3567,0,0,16384
97.5935440063477,1208.37353515625,179.437466043616,0,0,270,-7.2384863556346,-3.055274323818,3599,0,0,16384
97.5908966064453,1208.98266601563,179.584613260119,0,0,270,-8.35506298531003,-3.08054585239939,3599,0,0,16384
97.5845260620117,1209.93591308594,179.865907389545,0,0,270,-10.1137965081228,-3.10845818668446,3632,0,0,16384
97.5821151733398,1210.23608398438,179.967560757681,0,0,270,-10.6706039637468,-3.11410477649341,3632,0,0,16384
97.5783157348633,1210.67065429688,180.12528778624,0,0,270,-11.4794148636677,-3.11973803023114,3665,0,0,16384
97.5707244873047,1211.47521972656,180.450184358893,0,0,270,-12.9856925970812,-3.12147513811264,3632,0,0,16384
97.5657043457031,1212.0146484375,180.690817050007,0,0,270,-13.9939193439774,-3.11545767464631,3599,0,0,16384
97.5608139038086,1212.60876464844,180.977096430179,0,0,270,-15.095265903881,-3.10163949504754,3436,0,0,16384
97.5563049316406,1213.69250488281,181.555375123875,0,0,270,-17.0349038150213,-3.05598248300291,3370,0,0,16384
97.5561676025391,1214.03186035156,181.751620716508,0,0,270,-17.6317769901425,-3.03657440265068,3370,0,0,16384
97.5566101074219,1214.38940429688,181.966827890823,0,0,270,-18.2613289813563,-3.01339571487605,3402,0,0,16384
97.5578765869141,1214.80102539063,182.225612967447,0,0,270,-18.9899850900504,-2.98296369562276,3436,0,0,16384
97.5605926513672,1215.30200195313,182.557344641659,0,0,270,-19.8863572692103,-2.93970090220513,3436,0,0,16384
97.5639419555664,1215.71557617188,182.845699656157,0,0,270,-20.6352123900714,-2.89824450740477,3436,0,0,16384
97.5724029541016,1216.39831542969,183.351968991693,0,0,270,-21.8833812925436,-2.81715971870207,3337,0,0,16384
97.5917587280273,1217.33483886719,184.132021141269,0,0,270,-23.5594303446614,-2.73108768349461,2649,354,0,16384
97.6059875488281,1217.87817382813,184.694194532479,0,0,270,-24.433364397988,-2.83180836120877,2190,551,0,16384
97.6747512817383,1219.76708984375,187.176809840678,0,0,270,-26.4240289724278,-3.70140920672191,616,1206,0,16384
97.6932907104492,1220.27844238281,187.910132891579,0,0,270,-26.6777085537092,-3.94226778134525,682,1206,0,16384
97.7060394287109,1220.64208984375,188.412789415502,0,0,270,-26.8386601297131,-4.06277823171241,715,1206,0,16384
97.7174606323242,1221.01147460938,188.911696948674,0,0,270,-27.0008750935531,-4.15968631880882,813,1206,0,16384
97.7293090820313,1222.93701171875,191.422468335318,0,0,270,-28.0248436338732,-4.62776442641159,1010,1206,0,16384
97.7105331420898,1223.61328125,192.249672614666,0,0,270,-28.4078812991512,-4.77617977505171,1370,1206,0,16384
97.6070404052734,1226.09399414063,195.03537486857,0,0,270,-30.0798396757329,-5.20840627689105,1239,1206,0,16384
97.5624771118164,1226.91540527344,195.892005171572,0,0,270,-30.5423406384811,-5.31062775352327,878,1206,0,16384
97.5351867675781,1227.4912109375,196.366502260651,0,0,270,-30.7559437857572,-5.36336803681547,715,1206,0,16384
97.4110488891602,1231.15539550781,198.328065204836,0,0,270,-31.2880167864821,-5.60722576100123,0,1304,0,16384
97.3554153442383,1232.88977050781,199.245515106565,0,0,270,-31.3600313351592,-5.73953720332967,0,1304,0,16384
97.3246383666992,1233.34997558594,199.831571699828,0,0,270,-31.385656534713,-5.81952948808381,0,1304,0,16384
97.2631530761719,1234.89660644531,200.741380811361,0,0,270,-31.4145384513249,-5.93585262583058,0,1304,0,16384
97.2256240844727,1235.75805664063,201.287085395371,0,0,270,-31.4290929837025,-5.99793902504645,0,1304,0,16384
97.1719741821289,1236.79541015625,202.053199066975,0,0,270,-31.4482507548899,-6.08288082378461,26,1304,0,16384
97.1140747070313,1237.62365722656,202.857635526398,0,0,270,-31.4730056622818,-6.17208531510182,26,1304,0,16384
96.9945983886719,1239.02392578125,204.355479535597,0,0,270,-31.5312762963885,-6.338376359463,26,1304,0,16384
96.8894424438477,1240.28723144531,205.542072246856,0,0,270,-31.576448290163,-6.47029045846117,0,1338,0,16384
96.7174911499023,1242.40344238281,207.288529231698,0,0,270,-31.7122377808583,-6.62419331087254,452,1141,0,16384
96.6289367675781,1243.53979492188,208.104478902449,0,0,270,-31.8536862642284,-6.6189696330657,354,1141,0,16384
96.5411987304688,1244.69702148438,208.907136845669,0,0,270,-31.9855885128429,-6.61737900809142,223,1108,0,16384
96.4831771850586,1245.478515625,209.437846292956,0,0,270,-32.0561776390896,-6.62247484252502,157,1108,0,16384
96.4370346069336,1246.10913085938,209.861039000841,0,0,270,-32.1039188402833,-6.63124381390219,157,1075,0,16384
96.3211517333984,1247.732421875,210.931579473008,0,0,270,-32.2080091133302,-6.65084094612288,157,1075,0,16384
96.2626113891602,1248.57385253906,211.465137473282,0,0,270,-32.2568985966002,-6.6588668516106,124,1075,0,16384
96.1906280517578,1249.63000488281,212.119445014387,0,0,270,-32.3109942780368,-6.66309900150997,26,944,0,16384
96.0003814697266,1252.80078125,213.877674072353,0,0,270,-32.3686056091122,-6.45612660328537,0,813,0,16384
95.9411087036133,1253.90173339844,214.477433176172,0,0,270,-32.3735958714985,-6.39124466729065,0,813,0,16384
95.9003677368164,1254.66015625,214.89288046931,0,0,270,-32.3763176297116,-6.35502473835303,0,747,0,16384
95.8243408203125,1256.11511230469,215.678489672568,0,0,270,-32.3791099041273,-6.27529519310548,0,747,0,16384
95.7682495117188,1257.22741699219,216.273250731243,0,0,270,-32.3799341245038,-6.21112363722207,0,747,0,16384
95.6369476318359,1260.01635742188,217.750769969216,0,0,270,-32.3783240882476,-6.04244299785358,0,715,0,16384
95.5115127563477,1262.99792480469,219.335799535837,0,0,270,-32.3715027481766,-5.86809990789454,0,715,0,16384
95.3644638061523,1267.09008789063,221.543725423079,0,0,270,-32.3546181719853,-5.6304878643282,0,715,0,16384
95.1503677368164,1276.71301269531,226.707921285382,0,0,270,-32.2746510876411,-5.04119857213818,0,715,0,16384
95.1254806518555,1278.87353515625,228.087147601817,0,0,270,-32.2439559885665,-4.88134407353388,0,715,0,16384
95.1187286376953,1279.77404785156,228.675133872863,0,0,270,-32.229644222371,-4.81312137138599,0,715,0,16384
95.1152954101563,1280.42077636719,229.044158127869,0,0,270,-32.2187497732964,-4.76352019266046,0,715,0,16384
95.1127014160156,1281.24047851563,229.647865579942,0,0,270,-32.2043011307636,-4.69990705768336,0,715,0,16384
95.1134262084961,1282.78344726563,230.700415040351,0,0,270,-32.1747993875428,-4.57819999495885,0,715,0,16384
95.1166763305664,1283.55163574219,231.236275198526,0,0,270,-32.1589221077671,-4.51644079560084,0,715,0,16384
95.1371459960938,1285.72082519531,232.79645278403,0,0,270,-32.1097363569855,-4.3377625254223,0,715,0,16384
95.1469116210938,1286.38146972656,233.286876275535,0,0,270,-32.0933503708764,-4.28210877552953,0,715,0,16384
95.1641082763672,1287.33203125,234.007600834074,0,0,270,-32.0684377998187,-4.20084978506051,0,715,0,16384
95.1828536987305,1288.140625,234.635835131644,0,0,270,-32.0459527132364,-4.13036965766773,0,715,0,16384
95.2139282226563,1289.12646484375,235.421766882896,0,0,270,-32.0166921555864,-4.04272959410826,0,715,0,16384
95.297233581543,1291.41271972656,237.34042294838,0,0,270,-31.9404294919977,-3.83277487108091,0,715,0,16384
95.4261474609375,1293.98547363281,239.698858213419,0,0,270,-31.8377604319729,-3.5838295734935,0,715,0,16384
95.4917297363281,1295.01623535156,240.718588993247,0,0,270,-31.7904326530266,-3.47974095317996,0,715,0,16384
95.5304107666016,1295.56213378906,241.279925619632,0,0,270,-31.7637156799543,-3.42355366757162,0,715,0,16384
95.6155242919922,1296.64001464844,242.436610704542,0,0,270,-31.7072517146963,-3.31033103981056,0,715,0,16384
95.6449737548828,1296.9794921875,242.815570445812,0,0,270,-31.6883263850978,-3.27396458407599,0,715,0,16384
95.7063827514648,1297.64050292969,243.575795991312,0,0,270,-31.6497253621944,-3.20222131262191,0,715,0,16384
95.7464752197266,1298.04174804688,244.05310325232,0,0,270,-31.6250349505976,-3.15803899658025,0,715,0,16384
95.8300247192383,1298.81176757813,245.006727228613,0,0,270,-31.5746918458008,-3.07173350413322,0,715,0,16384
95.8906478881836,1299.32165527344,245.668826382667,0,0,270,-31.5389536167057,-3.01332884679279,0,715,0,16384
96.0629119873047,1300.58947753906,247.441202734806,0,0,270,-31.4405464310939,-2.86319771348614,0,715,0,16384
96.1204605102539,1300.96215820313,247.99432620533,0,0,270,-31.4086285038447,-2.81788931411737,0,715,0,16384
96.1925964355469,1301.39978027344,248.680983327404,0,0,270,-31.3691071381942,-2.76412223919804,0,715,0,16384
96.2654418945313,1301.81079101563,249.356263547992,0,0,270,-31.3297519874866,-2.71302349327913,0,715,0,16384
96.3946151733398,1302.47155761719,250.5150743093,0,0,270,-31.2611001265683,-2.62896073676283,0,715,0,16384
96.5044174194336,1302.9736328125,251.466839831225,0,0,270,-31.2037152705604,-2.56340873914602,0,715,0,16384
96.5948181152344,1303.35107421875,252.231100906657,0,0,270,-31.1569606915559,-2.51339650825585,0,715,0,16384
96.6469497680664,1303.55578613281,252.665703959706,0,0,270,-31.130099499476,-2.48595888439535,0,715,0,16384
96.7056045532227,1303.77416992188,253.147222924025,0,0,270,-31.1001300679125,-2.4564707469014,0,715,0,16384
96.778450012207,1304.0302734375,253.738011170242,0,0,270,-31.0631417567057,-2.42150541215828,0,715,0,16384
96.9555130004883,1304.60412597656,255.269909971333,0,0,270,-30.9768616586278,-2.47713373495413,0,1206,0,16384
97.1042404174805,1305.08349609375,256.900884869685,0,0,270,-30.9228316460642,-2.82860187933264,0,1173,0,16384
97.2147369384766,1305.4208984375,258.039971250146,0,0,270,-30.8875083622625,-2.94275510159978,0,1173,0,16384
97.2712326049805,1305.59240722656,258.617228611592,0,0,270,-30.8679881137559,-2.97996046926908,0,1173,0,16384
97.337272644043,1305.79968261719,259.321010780734,0,0,270,-30.843719127073,-3.03394776860915,0,1173,0,16384
97.405387878418,1306.02624511719,260.092298990211,0,0,270,-30.8175396975508,-3.10502219601119,0,1173,0,16384
97.4740524291992,1306.275390625,260.929680331956,0,0,270,-30.7814436656171,-3.19220210160344,-351,1173,0,16384
97.5362014770508,1306.5380859375,261.773812965095,0,0,270,-30.6176390336687,-3.27175743136688,-2114.00006103516,944,0,16384
97.6036834716797,1306.98522949219,262.938526220497,0,0,270,-29.2390695614026,-3.16896231905727,-5477.00010681152,649,0,16384
97.6150131225586,1307.17822265625,263.350003248234,0,0,270,-28.1895889833665,-3.08866113303921,-5837.00010681152,616,0,16384
97.6180801391602,1307.37731933594,263.746720741879,0,0,270,-26.9673687004875,-3.03226430514738,-5869.00010681152,584,0,16384
97.5997009277344,1308.09643554688,264.952625387204,0,0,270,-22.2787682456391,-2.84888574074702,-6228.00010681152,59,0,16384
97.594841003418,1308.30554199219,265.20163258857,0,0,270,-20.8997397907521,-2.69772732095455,-6228.00010681152,26,0,16384
97.5837783813477,1308.77307128906,265.716989948973,0,0,270,-17.8576389689981,-2.45523922561479,-6000.00010681152,0,0,16384
97.5777359008789,1309.07727050781,266.052047137877,0,0,270,-15.9372332301345,-2.38440243167325,-5739.00010681152,0,0,16384
97.574951171875,1309.35974121094,266.350461717541,0,0,270,-14.2155616239418,-2.3509853377085,-5445.00010681152,0,0,16384
97.6509094238281,1310.99279785156,267.539125831671,0,0,270,-6.23189020021216,-2.27242865065646,-4563.00010681152,0,0,16384
97.7028579711914,1311.85668945313,267.785279799351,0,0,270,-2.27295313095034,-2.31746642066161,-2701.99995422363,0,0,16384
97.725227355957,1312.11486816406,267.817323585863,0,0,270,-1.38450005375996,-2.32210250786836,-1134.99993896484,0,0,16384
97.9683380126953,1313.54272460938,267.946299157718,0,0,270,-0.421312509941835,-2.40810458979552,878,0,0,16384
98.0870513916016,1314.29968261719,267.968312690475,0,0,270,-1.05140480848158,-2.50443397140714,1534,0,0,16384
98.1913223266602,1315.10278320313,268.015574217079,0,0,270,-1.81717602382061,-2.58460637775297,0,0,0,16384
98.2853012084961,1315.78125,268.057082792962,0,0,270,-1.92550796750345,-2.64154735423249,0,-24,0,16384
98.3885879516602,1316.50695800781,268.093388827828,0,0,270,-1.9227067350699,-2.44684207644555,0,-645,0,16384
98.4372711181641,1316.82592773438,268.105269763858,0,0,270,-1.9124643611811,-2.19145209638408,0,-808,0,16384
98.5127334594727,1317.30297851563,268.124737079437,0,0,270,-1.89319841082925,-1.77256054823072,26,-906,0,16384
98.551872253418,1317.54260253906,268.137293682494,0,0,270,-1.88573136972447,-1.58490079688714,157,-906,0,16384
98.612434387207,1317.89978027344,268.152699130791,0,0,270,-1.89459156737493,-1.36100731104426,289,-906,0,16384
98.6457061767578,1318.08642578125,268.167666643708,0,0,270,-1.91310331779399,-1.26709244665873,420,-906,0,16384
98.7936019897461,1318.82592773438,268.246657645746,0,0,270,-2.08636438720005,-1.17144580336328,59,-253,0,16384
98.8291625976563,1318.98291015625,268.268040260104,0,0,270,-2.11294107123299,-1.24439185266986,0,-188,0,16384
98.9262161254883,1319.37048339844,268.320438033485,0,0,270,-2.14134579254477,-1.46203035041532,0,-188,0,16384
99.1788024902344,1320.17834472656,268.396677888818,0,0,270,-2.13390254968144,-1.39672337350426,0,-873,0,16384
99.2545700073242,1320.37585449219,268.404831897049,0,0,270,-2.12692354679629,-1.09533545944563,255,-939,0,16384
99.3419570922852,1320.5908203125,268.415330030405,0,0,270,-2.15075520871262,-0.723134532616523,289,-939,0,16384
99.4030075073242,1320.73486328125,268.428461180872,0,0,270,-2.18087805982009,-0.512013848466308,190,-906,0,16384
99.4806976318359,1320.90454101563,268.452985819005,0,0,270,-2.21414569959874,-0.327652098784956,157,-841,0,16384
99.8096084594727,1321.40563964844,268.585517365769,0,0,270,-2.32431736885879,-0.220504945799591,0,-547,0,16384
100.192077636719,1321.62048339844,268.687699781917,0,0,270,-2.32046630954155,-0.103037012762029,0,-514,0,16384
100.470642089844,1321.60510253906,268.754677397522,0,0,270,-2.29281128779159,0.056718960049564,-188,-514,0,16384
100.674850463867,1321.51611328125,268.809454777084,0,0,270,-2.15123695875452,0.135313266964816,-939,-481,0,16384
100.816352844238,1321.41430664063,268.842951305709,0,0,270,-1.88811184546736,0.16895586121419,-1330,-416,0,16384
100.954429626465,1321.28100585938,268.868406886036,0,0,270,-1.48687003092024,0.165811325973062,-1788,-253,0,16384
101.136390686035,1321.04626464844,268.88977138839,0,0,270,-0.735893353908723,0.0436806167643067,-1069,-188,0,16384
101.229286193848,1320.90551757813,268.894480603952,0,0,270,-0.413096901981462,-0.031425007222488,-24,-188,0,16384
101.343338012695,1320.72546386719,268.899289943216,0,0,270,-0.213502068466745,-0.0847870175630553,0,-188,0,16384
101.980941772461,1319.580078125,268.916646533753,0,0,270,-0.0891359790922489,-0.145990615172839,0,-253,0,16384
102.100769042969,1319.34045410156,268.909987411878,0,0,270,-0.0859618959353768,-0.169647689575095,0,-253,0,16384
102.237762451172,1319.05932617188,268.90154670453,0,0,270,-0.0807994418196347,-0.202912181936957,0,-253,0,16384
102.312576293945,1318.90319824219,268.897244864594,0,0,270,-0.0774209697909541,-0.221907701935557,0,-253,0,16384
102.38956451416,1318.74047851563,268.89324508362,0,0,270,-0.0736197220554865,-0.241626988232351,0,-253,0,16384
102.657417297363,1318.16320800781,268.882297828171,0,0,270,-0.0595413901814358,-0.31286739959839,0,-253,0,16384
104.264198303223,1341.72509765625,270.681733722994,0,0,330,-6.57650998449052,-2.89622858162741,3140,-808,0,16384
104.126808166504,1344.509765625,271.039066394112,0,0,330,-9.61386149871055,-2.68094437168215,3862,-775,0,16384
103.987548828125,1346.982421875,271.623446496957,0,0,330,-13.4644147311039,-2.384818154729,3829,-775,0,16384
103.956253051758,1347.59240722656,271.815933504612,0,0,330,-14.4826588236663,-2.29554209226804,3796,-775,0,16384
103.905891418457,1348.70983886719,272.210580723196,0,0,330,-16.3859569099437,-2.11170174083171,3632,-775,0,16384
103.877868652344,1349.50805664063,272.537588421966,0,0,330,-17.7515090800067,-1.96219845305362,3402,-775,0,16384
103.850296020508,1351.16943359375,273.200693350149,0,0,330,-20.063919458026,-1.6645698845999,3337,-775,0,16384
103.848808288574,1351.89709472656,273.547764233852,0,0,330,-21.140812521227,-1.50766704035667,3370,-775,0,16384
103.859298706055,1352.67810058594,274.064943873727,0,0,330,-22.6396458675229,-1.27483587337307,3370,-775,0,16384
103.866966247559,1352.939453125,274.278522653081,0,0,330,-23.2269462854412,-1.17936693500047,3337,-743,0,16384
104.026481628418,1354.98791503906,276.968854525451,0,0,330,-27.3675133012584,-1.31431263261824,1632,0,0,16384
104.071197509766,1355.28405761719,277.417105418414,0,0,330,-27.7954235126467,-1.25116068392062,1632,0,0,16384
104.113723754883,1355.56616210938,277.835240301447,0,0,330,-28.1689547794054,-1.18967634509599,1632,0,0,16384
104.339973449707,1356.0966796875,280.011057736318,0,0,330,-30.0090341002537,-0.948910804320464,944,0,0,16384
104.423080444336,1356.28198242188,280.716889766952,0,0,330,-30.3848264683414,-0.85739596393998,649,26,0,16384
104.474937438965,1356.38342285156,281.121312805521,0,0,330,-30.5282219008898,-0.809752094609252,616,26,0,16384
104.57048034668,1356.529296875,281.840600354561,0,0,330,-30.7124539798223,-0.750239569585389,157,157,0,16384
104.618453979492,1356.57604980469,282.202706351035,0,0,330,-30.7539350434161,-0.749123966354408,26,255,0,16384
104.864677429199,1356.39001464844,283.964914842815,0,0,330,-30.7111703195168,-0.800073180395603,59,255,0,16384
104.946273803711,1356.31030273438,284.507435640257,0,0,330,-30.6791727666941,-0.783212885493261,0,321,0,16384
105.029777526855,1356.35363769531,285.080084394207,0,0,330,-30.6358059422265,-0.774097030447177,0,289,0,16384
105.364761352539,1355.78955078125,287.32497277886,0,0,330,-30.4448200322166,-0.814756435380431,0,354,0,16384
105.423667907715,1355.69396972656,287.725884588902,0,0,330,-30.4108708173073,-0.825737066665359,0,354,0,16384
105.500190734863,1355.66137695313,288.251212459985,0,0,330,-30.366348234637,-0.837614041982835,0,354,0,16384
105.577201843262,1355.55053710938,288.772716183027,0,0,330,-30.3220802438767,-0.848139777438248,0,354,0,16384
105.901557922363,1354.859375,290.997559004126,0,0,330,-30.1345063365355,-0.908639423998767,0,354,0,16384
105.994941711426,1354.57385253906,291.654577644735,0,0,330,-30.079958778472,-0.931867439008236,0,354,0,16384
106.044776916504,1354.56945800781,292.020942736903,0,0,330,-30.049742776363,-0.945638314564394,0,354,0,16384
106.384727478027,1353.79833984375,294.517433685014,0,0,330,-29.8470317960371,-1.05531848736635,0,354,0,16384
106.522354125977,1353.5302734375,295.587287006726,0,0,330,-29.7621111672434,-1.11087024036839,0,354,0,16384
106.622749328613,1353.21130371094,296.377748893752,0,0,330,-29.700559193076,-1.15503868708178,0,354,0,16384
106.743179321289,1352.79663085938,297.356091417174,0,0,330,-29.6255891524392,-1.21334925877187,0,354,0,16384
106.816268920898,1352.70874023438,297.981924740122,0,0,330,-29.5783257126131,-1.25273670276912,0,354,0,16384
107.030204772949,1352.08129882813,299.863809057056,0,0,330,-29.4396701338305,-1.38056376717596,0,354,0,16384
107.069061279297,1351.95947265625,300.223441754769,0,0,330,-29.4137687919154,-1.40656015889319,0,354,0,16384
107.105094909668,1352.04992675781,300.58396714339,0,0,330,-29.3879933753399,-1.43311862320328,0,354,0,16384
107.261100769043,1351.93090820313,302.140310777069,0,0,330,-29.2790549838431,-1.55324716845534,0,354,0,16384
107.296447753906,1351.88525390625,302.466259171858,0,0,330,-29.2538251387913,-1.58292620100774,0,354,0,16384
107.349800109863,1351.76062011719,303.077746478982,0,0,330,-29.2154731015552,-1.6295039107074,0,354,0,16384
107.506874084473,1351.59460449219,304.919499884162,0,0,330,-29.0945611092553,-1.78821292616247,0,354,0,16384
107.608375549316,1351.55053710938,306.237676676867,0,0,330,-29.0116056548191,-1.90829479199025,0,354,0,16384
107.722869873047,1351.32299804688,307.931266411,0,0,330,-28.909649104327,-2.06987948409435,0,354,0,16384
107.797393798828,1351.41442871094,309.264600702866,0,0,330,-28.8331190182157,-2.20237958052665,0,354,0,16384
107.828308105469,1351.46301269531,309.878296837055,0,0,330,-28.7990565669149,-2.264753977284,0,354,0,16384
107.860313415527,1351.50073242188,310.570122119994,0,0,330,-28.7614021752398,-2.33468026353709,0,223,0,16384
107.879997253418,1351.54333496094,310.993457589395,0,0,330,-28.7366012575777,-2.34430962094161,0,124,0,16384
107.899200439453,1351.59704589844,311.375755469379,0,0,330,-28.7111000858329,-2.31133576659515,0,59,0,16384
107.932777404785,1351.72314453125,312.035109167435,0,0,330,-28.6623838075508,-2.2271884546948,0,26,0,16384
108.020164489746,1352.34680175781,314.06473629907,0,0,330,-28.5192613387826,-2.21108402194843,0,26,0,16384
108.03303527832,1352.5595703125,314.398329625094,0,0,330,-28.4968804350065,-2.21313265838,0,26,0,16384
108.045890808105,1352.76086425781,314.719367869938,0,0,330,-28.4752347400056,-2.21195940310788,0,26,0,16384
108.074203491211,1353.03771972656,315.374826117484,0,0,330,-28.4307349169739,-2.20643325000358,0,26,0,16384
108.09358215332,1353.18664550781,315.821652802845,0,0,330,-28.4002998496657,-2.20463806769627,0,26,0,16384
108.108268737793,1353.30712890625,316.164626176318,0,0,330,-28.3764326355974,-2.2037661184276,-155,0,0,16384
108.145774841309,1354.47131347656,318.904917020782,0,0,330,-25.8940713086029,-2.25986444154142,-3159,0,0,16384
108.132217407227,1354.69201660156,319.334794134831,0,0,330,-25.0429977076561,-2.28666285999972,-3028,0,0,16384
108.120300292969,1354.94836425781,319.625281057217,0,0,330,-24.447515495016,-2.30620173476563,-2702,0,0,16384
108.08918762207,1355.51220703125,320.585213973204,0,0,330,-22.7528119510855,-2.37699829797631,-1559,0,0,16384
108.082931518555,1355.6826171875,320.870399165619,0,0,330,-22.3656808928698,-2.4021231837707,-1592,0,0,16384
108.076065063477,1355.89855957031,321.21787671631,0,0,330,-21.9256070740234,-2.43822301208167,-1494,0,0,16384
108.04850769043,1357.17370605469,322.947849581541,0,0,330,-20.286359986834,-2.69594324759643,-1069,0,0,16384
108.04020690918,1357.48681640625,323.306712633626,0,0,330,-19.9732543410947,-2.76454971181263,-1330,0,0,16384
107.98664855957,1358.68103027344,324.488718961068,0,0,330,-18.4246524050719,-3.02966376263856,-2669,0,0,16384
107.835052490234,1360.16284179688,325.591899284219,0,0,330,-15.4618778898636,-3.35841653884134,-2898,0,0,16384
107.776336669922,1360.68481445313,325.902414405686,0,0,330,-14.4919546999941,-3.46519640336579,-2441,0,0,16384
107.661209106445,1361.73828125,326.449418022096,0,0,330,-12.9316985322163,-3.67308459185691,-2081,-24,0,16384
107.624458312988,1362.08654785156,326.607488036341,0,0,330,-12.5018322270279,-3.73189176158079,-1951,-188,0,16384
107.559585571289,1362.74401855469,326.853923070589,0,0,330,-11.7885880839603,-3.73262920214194,-1592,-416,0,16384
107.476509094238,1363.70190429688,327.123417334839,0,0,330,-10.9781663933138,-3.55521135903279,-1330,-743,0,16384
107.304214477539,1365.9697265625,327.62361879656,0,0,330,-9.19310208441247,-3.06536877122119,-3224,-873,0,16384
107.167182922363,1367.63317871094,327.934994140431,0,0,330,-7.23442197473588,-2.97514795382677,-1461,-743,0,16384
107.060760498047,1369.39782714844,328.246230224367,0,0,330,-6.08872901200004,-3.03484355567566,-1461,-579,0,16384
107.03288269043,1369.83032226563,328.346529928032,0,0,330,-5.7694013246895,-3.0620989395144,-1494,-579,0,16384
107.003479003906,1370.41589355469,328.433756094752,0,0,330,-5.4347422730451,-3.08255485738959,-1330,-579,0,16384
106.974113464355,1371.02075195313,328.510682083101,0,0,330,-5.10617534120806,-3.09269268684962,-1004,-579,0,16384
106.926261901855,1372.076171875,328.622446014402,0,0,330,-4.61634434348051,-3.09386820498761,-1298,-579,0,16384
106.91047668457,1372.38793945313,328.657296818561,0,0,330,-4.44240345983231,-3.09426787385508,-1526,-579,0,16384
106.872772216797,1373.03930664063,328.729798463394,0,0,330,-3.96974033805114,-3.1007579208055,-2049,-579,0,16384
106.726982116699,1375.74926757813,328.89551762633,0,0,330,-2.07409287029958,-3.12658291672728,-1526,-579,0,16384
106.612716674805,1377.96179199219,328.974954537186,0,0,330,-0.677455108151179,-3.14162697034117,-1135,-547,0,16384
106.47119140625,1381.12524414063,328.997005774969,0,0,330,0.368191314813964,-3.23649325390551,-318,-547,0,16384
106.448837280273,1381.75073242188,328.991391748936,0,0,330,0.461108863690539,-3.25157615057683,-57,-514,0,16384
106.42357635498,1382.51318359375,328.980615197357,0,0,330,0.52278664381079,-3.26212629150782,0,-514,0,16384
106.334983825684,1386.16748046875,328.935279146715,0,0,330,0.566594255317821,-3.30814551804062,0,-514,0,16384
106.260437011719,1389.22290039063,328.876497391925,0,0,330,0.575528891802289,-3.3410853826338,0,-579,0,16384
106.246879577637,1389.65930175781,328.866254341257,0,0,330,0.576925374316112,-3.33669032939681,0,-579,0,16384
106.156761169434,1393.025390625,328.796141930536,0,0,330,0.588171796011188,-2.93644809530659,59,-873,0,16384
106.081092834473,1396.68981933594,328.734498947633,0,0,330,0.371452025442676,-2.74565637585179,0,-710,0,16384
106.063858032227,1398.10656738281,328.709860762794,0,0,330,0.365480425802862,-2.74539783680856,0,-710,0,16384
106.059509277344,1398.54602050781,328.699833600684,0,0,330,0.365561277285516,-2.73317652376505,0,-710,0,16384
106.052398681641,1399.47375488281,328.681237724713,0,0,330,0.367753351483571,-2.69897106827698,0,-677,0,16384
106.047386169434,1400.19384765625,328.670813958852,0,0,330,0.369935562943823,-2.6840860161402,0,-677,0,16384
106.044540405273,1400.82287597656,328.6589394837,0,0,330,0.37291596424839,-2.67146140880564,0,-645,0,16384
106.04271697998,1401.2333984375,328.651617507695,0,0,330,0.374849596300487,-2.66684144514911,0,-645,0,16384
106.038314819336,1402.50317382813,328.629325060273,0,0,330,0.380239564897097,-2.63831691578885,0,-677,0,16384
106.034927368164,1404.341796875,328.596661840187,0,0,330,0.386745631025096,-2.57134814857144,0,-677,0,16384
106.036674499512,1405.54321289063,328.572391873313,0,0,330,0.391519019480811,-2.54364543423249,0,-645,0,16384
106.037528991699,1406.47607421875,328.556318152296,0,0,330,0.392808880710768,-2.53700850442057,26,-645,0,16384
106.040863037109,1407.23657226563,328.540835905712,0,0,330,0.392343986535356,-2.52394802071074,0,-645,0,16384
106.042854309082,1407.6328125,328.532647210336,0,0,330,0.393204458199467,-2.51458456004279,0,-645,0,16384
106.04475402832,1408.197265625,328.522295546619,0,0,330,0.394700134203646,-2.5065475914521,0,-612,0,16384
106.04761505127,1408.67297363281,328.512067648132,0,0,330,0.396419186832695,-2.50917644405816,0,-612,0,16384
106.051765441895,1409.36608886719,328.497186141799,0,0,330,0.399109028099815,-2.52343681499291,0,-579,0,16384
106.053932189941,1409.90344238281,328.486999810373,0,0,330,0.400984625025029,-2.53394053036976,0,-547,0,16384
106.062141418457,1411.12939453125,328.459945280306,0,0,330,0.40564402012269,-2.55596888246279,0,-547,0,16384
106.068023681641,1412.17565917969,328.436760191285,0,0,330,0.409604667807005,-2.57734667099467,0,-547,0,16384
106.070510864258,1412.63488769531,328.42641189227,0,0,330,0.411471975912171,-2.58777060689108,0,-547,0,16384
106.071983337402,1412.91882324219,328.420021947758,0,0,330,0.412614370115129,-2.59250500671486,0,-547,0,16384
106.073860168457,1413.29919433594,328.411512384063,0,0,330,0.414125811057269,-2.59748543333051,0,-514,0,16384
106.077423095703,1414.24279785156,328.390124452973,0,0,330,0.417881588105544,-2.62717507237591,0,-514,0,16384
105.64136505127,1505.20666503906,327.626508688353,0,0,300,0.141203108805699,-0.885021802915861,0,-481,0,16384
105.694374084473,1505.2890625,327.620061568621,0,0,300,0.143062153073395,-0.898156850490247,0,-481,0,16384
105.825492858887,1505.48754882813,327.603143158348,0,0,300,0.218794780245796,-0.971534203191379,-1820.00003051758,-253,0,16384
105.956008911133,1505.86047363281,327.439860996432,0,0,300,3.16296695803624,-1.605211218154,-4139.00003051758,-122,0,16384
105.959197998047,1506.10412597656,327.22232347169,0,0,300,5.86566824385717,-1.7340209326462,-4073.00003051758,-351,0,16384
105.943962097168,1506.47424316406,326.884253772602,0,0,300,8.97314886126675,-1.60335675413434,-3518.00003051758,-481,0,16384
105.939338684082,1506.59655761719,326.772593764576,0,0,300,9.78203949394337,-1.57298718931344,-3486.00003051758,-514,0,16384
105.927139282227,1506.99536132813,326.384229383934,0,0,300,12.0381475774685,-1.55208702443482,-3061.00003051758,-481,0,16384
105.924659729004,1507.15686035156,326.21590510595,0,0,300,12.813337508528,-1.55278490000416,-3061.00003051758,-481,0,16384
105.921844482422,1507.50378417969,325.827083901273,0,0,300,14.3424166372012,-1.5677211815809,-3028.00003051758,-384,0,16384
105.919982910156,1507.8603515625,325.386112009961,0,0,300,15.7951795716776,-1.61185567750132,-2832.00003051758,-318,0,16384
105.919845581055,1508.03344726563,325.160211864714,0,0,300,16.4459283581618,-1.63737409153693,-2506.00003051758,-318,0,16384
105.924140930176,1508.35070800781,324.735510229687,0,0,300,17.4563072389136,-1.67496150172755,-1363.00003051758,-318,0,16384
105.975692749023,1509.03259277344,323.849073583723,0,0,300,18.3599981050461,-1.64381869948945,-710,-286,0,16384
106.05525970459,1510.01892089844,322.484521029137,0,0,300,19.5897026083573,-1.80102318301847,-1232,-155,0,16384
106.064918518066,1510.17395019531,322.261135509973,0,0,300,19.8125132114636,-1.82054259860835,-1037,-90,0,16384
106.075103759766,1510.33740234375,322.022759659283,0,0,300,20.020774171594,-1.84910057987146,-1004,0,0,16384
106.089324951172,1510.57995605469,321.660942047425,0,0,300,20.2968319450953,-1.92482302118858,-1004,0,0,16384
106.112297058105,1511.00732421875,321.035821267656,0,0,300,20.7368072021972,-2.0581630785278,-841,0,0,16384
106.123497009277,1511.2236328125,320.73139348799,0,0,300,20.9252620220127,-2.10392285779405,-481,0,0,16384
106.162544250488,1511.89233398438,319.831321027652,0,0,300,21.1523315315275,-2.19575286500848,0,0,0,16384
106.177680969238,1512.14233398438,319.507926510387,0,0,300,21.1529564997006,-2.2306432127236,0,0,0,16384
106.193397521973,1512.416015625,319.161039260904,0,0,300,21.1408554896946,-2.27184251010203,0,0,0,16384
106.207237243652,1512.67553710938,318.83949754106,0,0,300,21.1244632415172,-2.31172892539513,0,0,0,16384
106.218338012695,1512.90173339844,318.56512843879,0,0,300,21.1087010441344,-2.34587420857967,0,0,0,16384
106.237113952637,1513.33325195313,318.05765053056,0,0,300,21.0780773509735,-2.4077413866187,0,0,0,16384
106.245300292969,1513.54943847656,317.811200597899,0,0,300,21.0631309157374,-2.4372341863553,0,0,0,16384
106.252655029297,1513.76440429688,317.571321182297,0,0,300,21.0487039996802,-2.46579807072359,0,0,0,16384
106.273582458496,1514.55517578125,316.729227279274,0,0,300,20.9995525546707,-2.56707352511035,0,0,0,16384
106.282379150391,1515.05285644531,316.231471847781,0,0,300,20.9688869794943,-2.62341330307934,255,-188,0,16384
106.287818908691,1515.44116210938,315.886525997295,0,0,300,20.8927327147526,-2.59487856559769,813,-384,0,16384
106.291206359863,1515.78369140625,315.618898363723,0,0,300,20.7447217937644,-2.50182179852787,1075,-416,0,16384
106.291633605957,1516.39733886719,315.169395864838,0,0,300,20.340104139554,-2.32918678222312,1239,-481,0,16384
106.286720275879,1517.03454589844,314.70698242303,0,0,300,19.8249306415142,-2.2234798941576,1436,-514,0,16384
106.28450012207,1517.53771972656,314.344646409957,0,0,300,19.3690074138498,-2.17381877892617,1370,-514,0,16384
106.280662536621,1518.17761230469,313.893655985257,0,0,300,18.8114130465262,-2.11813280516729,780,-481,0,16384
106.290870666504,1519.81079101563,312.730783805161,0,0,300,17.8965186017321,-2.06451860695466,584,-416,0,16384
106.304748535156,1520.50073242188,312.257525956866,0,0,300,17.5995022369179,-2.04261778396216,551,-481,0,16384
106.314445495605,1520.87915039063,312.013778759886,0,0,300,17.4434368742691,-1.99955403339153,551,-710,0,16384
106.332626342773,1521.30847167969,311.765229019453,0,0,300,17.2616466594732,-1.87149150030209,682,-743,0,16384
106.360122680664,1521.94921875,311.410531767073,0,0,300,16.9496565156749,-1.63941784881097,944,-808,0,16384
106.392639160156,1522.74658203125,310.951731629997,0,0,300,16.4319210294667,-1.42388773294127,1108,-808,0,16384
106.428413391113,1522.98889160156,310.525760998714,0,0,300,15.8715036032452,-1.29784831566025,1272,-808,0,16384
106.442642211914,1523.31420898438,310.344242206654,0,0,300,15.6053980769348,-1.2458300447855,1304,-808,0,16384
106.47533416748,1523.94262695313,309.987547481841,0,0,300,15.0306590048742,-1.13489507276927,1403,-808,0,16384
106.511367797852,1524.51232910156,309.655678448087,0,0,300,14.4424924389546,-1.02450837971525,1436,-808,0,16384
106.529350280762,1524.76098632813,309.507657857109,0,0,300,14.1660550036183,-0.974993300612394,1403,-775,0,16384
106.560012817383,1525.14074707031,309.274200773816,0,0,300,13.7342446607863,-0.908614106253605,1042,-775,0,16384
106.593719482422,1525.48889160156,309.049744507888,0,0,300,13.3880494330161,-0.861640905979254,289,-710,0,16384
106.694381713867,1526.22131347656,308.523612634965,0,0,300,13.0382560960154,-0.798839228411679,420,-645,0,16384
106.727264404297,1526.41613769531,308.370693677718,0,0,300,12.9600821244241,-0.78417543683915,452,-612,0,16384
106.864631652832,1526.90307617188,307.751854565655,0,0,300,12.7084197991286,-0.891735067737746,321,-384,0,16384
106.924507141113,1527.19592285156,307.481238784385,0,0,300,12.5834611277491,-0.978311054734692,878,-384,0,16384
107.008285522461,1527.60266113281,307.093737522161,0,0,300,12.1749166119437,-1.0586009266517,977,-351,0,16384
107.058815002441,1527.85034179688,306.849879229933,0,0,300,11.8382432401743,-1.09996565431104,1108,-384,0,16384
107.09253692627,1528.01831054688,306.680565070364,0,0,300,11.5767381448915,-1.12694809787135,1272,-384,0,16384
107.183486938477,1527.6845703125,306.205507833848,0,0,300,10.615631568418,-1.21262051030381,1796,-384,0,16384
107.356986999512,1528.98498535156,305.005167844324,0,0,300,6.96629439420192,-1.47534597422725,255,-416,0,16384
107.374946594238,1529.16796875,304.916205811352,0,0,300,6.88098237558352,-1.50012426979649,124,-449,0,16384
107.413696289063,1528.90295410156,304.767275766135,0,0,300,6.79015871095433,-1.53325821356723,0,-481,0,16384
107.483261108398,1529.12365722656,304.490653786677,0,0,300,6.72604410454539,-1.57291949876605,289,-481,0,16384
107.547821044922,1529.98010253906,304.194626106827,0,0,300,6.1792458748348,-1.59850313937423,1993,-612,0,16384
107.595993041992,1531.04064941406,303.848082262437,0,0,300,4.38877078778442,-1.58923891814167,649,-677,0,16384
107.677925109863,1532.42895507813,303.49268382407,0,0,300,3.81572934735193,-1.60523202038534,59,-612,0,16384
107.696716308594,1532.73571777344,303.433313794482,0,0,300,3.78932378114935,-1.60792409096709,124,-612,0,16384
107.739852905273,1533.07116699219,303.318678620018,0,0,300,3.69138696014581,-1.61285684719336,682,-677,0,16384
107.758117675781,1533.29528808594,303.267726638295,0,0,300,3.5715739319634,-1.60786586610515,944,-677,0,16384
107.777282714844,1533.72485351563,303.205130891692,0,0,300,3.31246846051225,-1.61131593823451,1370,-612,0,16384
107.795143127441,1534.33508300781,303.131821300122,0,0,300,2.84437443214866,-1.65965471801416,911,-579,0,16384
107.805686950684,1534.55346679688,303.094322452095,0,0,300,2.60953059192103,-1.69085563102178,616,-547,0,16384
107.833351135254,1534.49597167969,303.013550988055,0,0,300,2.29359362503292,-1.76773119021528,190,-547,0,16384
107.844184875488,1534.88073730469,302.970414026409,0,0,300,2.20636030999336,-1.79900136659277,190,-514,0,16384
107.884704589844,1536.06945800781,302.839600996084,0,0,300,2.04459654840084,-1.87810189873776,92,-514,0,16384
107.898094177246,1536.44653320313,302.808585682604,0,0,300,2.0149013191669,-1.90605059040893,26,-547,0,16384
107.925437927246,1537.22509765625,302.740427469295,0,0,300,1.98865521573035,-1.96794049870281,0,-514,0,16384
107.958076477051,1537.16796875,302.675073303056,0,0,300,1.98130559682273,-2.03462074113605,0,-514,0,16384
108.005561828613,1539.29150390625,302.482317089597,0,0,300,1.96833066578574,-2.21517282131939,0,-514,0,16384
108.023071289063,1540.46484375,302.367732156559,0,0,300,1.96198562756253,-2.32452777680551,0,-514,0,16384
108.026557922363,1540.71826171875,302.33579166371,0,0,300,1.96033507496334,-2.35523420855659,0,-514,0,16384
108.026268005371,1541.12341308594,302.309850274612,0,0,300,1.95897061374825,-2.38015775183924,0,-514,0,16384
108.025733947754,1541.59191894531,302.279710548761,0,0,300,1.95732598167749,-2.40911713699943,0,-514,0,16384
108.024215698242,1542.25744628906,302.236671706113,0,0,300,1.95486664881365,-2.45054276898977,0,-514,0,16384
108.014114379883,1543.97644042969,302.122698027299,0,0,300,1.94847029964044,-2.56030428986979,0,-514,0,16384
108.008857727051,1544.54382324219,302.086644066631,0,0,300,1.94641327325027,-2.58283362828016,0,-710,0,16384
107.994789123535,1546.20556640625,301.988419933544,0,0,300,1.94085360100419,-2.38325255574959,0,-939,0,16384
107.985420227051,1549.10412597656,301.826230821916,0,0,300,1.93084938589717,-2.04176817549236,0,-939,0,16384
107.98802947998,1549.68115234375,301.793216110002,0,0,300,1.92754705071532,-2.00334104725752,0,-841,0,16384
107.993667602539,1550.47485351563,301.745489760821,0,0,300,1.92350584747063,-1.98678978252284,0,-841,0,16384
107.998062133789,1550.93127441406,301.717363149909,0,0,300,1.92117561680682,-1.97958749119796,0,-841,0,16384
108.009773254395,1551.86401367188,301.662566243488,0,0,300,1.91636744016333,-1.94104901251818,0,-841,0,16384
108.022407531738,1552.59899902344,301.612778900765,0,0,300,1.91287755512696,-1.89666662475829,0,-841,0,16384
108.037322998047,1553.16430664063,301.576244082494,0,0,300,1.91036809792899,-1.86274963176665,0,-841,0,16384
108.046447753906,1553.53088378906,301.552436545793,0,0,300,1.90875991455234,-1.84144443420222,0,-841,0,16384
108.057655334473,1553.9833984375,301.522961833663,0,0,300,1.90676974895501,-1.81437809447327,0,-841,0,16384
108.070899963379,1554.50817871094,301.488464065965,0,0,300,1.90444074399289,-1.78556502268482,0,-808,0,16384
108.093849182129,1555.3671875,301.430736239166,0,0,300,1.90040513462826,-1.75255838784563,0,-841,0,16384
108.11092376709,1555.95288085938,301.390540348744,0,0,300,1.89741054625184,-1.73058480959802,0,-808,0,16384
108.123931884766,1556.37060546875,301.361342072035,0,0,300,1.89515490052723,-1.71343238940838,0,-808,0,16384
108.147987365723,1557.08972167969,301.310028810872,0,0,300,1.89110985008766,-1.68003291377814,0,-808,0,16384
108.159706115723,1557.41821289063,301.286146858999,0,0,300,1.88924128298055,-1.66377688592327,0,-808,0,16384
108.205284118652,1558.59814453125,301.197853423052,0,0,300,1.88207489036654,-1.62251701621482,92,-743,0,16384
108.290184020996,1560.82299804688,301.032862322124,0,0,300,1.54483442905173,-1.66843989006877,124,-612,0,16384
108.314064025879,1561.45397949219,300.985296963484,0,0,300,1.47375192800498,-1.74010539202073,0,-514,0,16384
108.367370605469,1562.90197753906,300.868909141261,0,0,300,1.41918236049147,-1.96419850198353,157,-514,0,16384
108.401359558105,1564.23620605469,300.778670175921,0,0,300,1.29115845802632,-2.0852913470677,26,-514,0,16384
108.406349182129,1564.50158691406,300.762008878753,0,0,300,1.2753191624418,-2.11169681887267,0,-514,0,16384
108.416023254395,1565.11486816406,300.722900528502,0,0,300,1.25164040753853,-2.17345445117171,92,-514,0,16384
108.425384521484,1566.14965820313,300.658331744257,0,0,300,1.20912474410127,-2.27521921910783,0,-514,0,16384
106.635635375977,1608.33410644531,299.22859196924,0,0,240,1.19681753623143,-4.25853068949762,0,-514,0,16384
106.568580627441,1609.45458984375,299.199009077331,0,0,240,1.20038387474918,-4.28304693104381,-220,-514,0,16384
106.528594970703,1610.07641601563,299.181484605517,0,0,240,1.22271011247084,-4.29912344319654,-775,-481,0,16384
106.412811279297,1611.70935058594,299.128281358821,0,0,240,1.63125508980345,-4.36661806187512,-3126.00001525879,-416,0,16384
106.143699645996,1614.57336425781,298.93618359508,0,0,240,4.33374690948585,-4.53290900158808,-5020.00003051758,-416,0,16384
106.069831848145,1615.40808105469,298.869229351823,0,0,240,5.18501655439224,-4.55647244194029,-4988.00003051758,-416,0,16384
105.957580566406,1616.53588867188,298.759848511976,0,0,240,6.48409611418636,-4.57382742355656,-4988.00003051758,-449,0,16384
105.638595581055,1619.25842285156,298.398750187013,0,0,240,10.1267853799058,-4.57943459968582,-4988.00003051758,-449,0,16384
105.350936889648,1621.65344238281,297.989335860406,0,0,240,13.3132907102573,-4.57153883028993,-4792.00003051758,-416,0,16384
104.791610717773,1626.55993652344,296.818701515001,0,0,240,19.4057301950779,-4.45478145505446,-4759.00003051758,-416,0,16384
104.698692321777,1627.41320800781,296.573336248358,0,0,240,20.4341210070646,-4.41255521460609,-4628.00003051758,-449,0,16384
104.24080657959,1631.90515136719,295.106626691714,0,0,240,25.5826721889983,-4.0972753556246,-4335.00003051758,-449,0,16384
104.153411865234,1632.83056640625,294.766600838117,0,0,240,26.6028329834926,-4.00967437284535,-4106.00003051758,-416,0,16384
104.024345397949,1634.27380371094,294.202400680116,0,0,240,28.0929843838202,-3.86968019038323,-3061.00003051758,-351,0,16384
103.854011535645,1636.53967285156,293.226720616536,0,0,240,29.7926949174082,-3.6866707313473,-1918.00003051758,-286,0,16384
103.731315612793,1638.55114746094,292.274561044524,0,0,240,30.961468297122,-3.54342419682011,-3159.00003051758,-90,0,16384
103.69034576416,1639.22534179688,291.918383316308,0,0,240,31.4442514538297,-3.51427700150853,-3224.00003051758,0,0,16384
103.629943847656,1640.20141601563,291.362668286722,0,0,240,32.2102916242426,-3.49104007109633,-2571.00003051758,0,0,16384
103.519577026367,1642.28564453125,290.128107183688,0,0,240,33.5003396613313,-3.34489202686416,-645.000030517578,0,0,16384
103.450126647949,1644.73217773438,288.77848822839,0,0,240,33.9717597406196,-3.06457283093456,0,0,0,16384
103.421272277832,1647.60681152344,287.519867090266,0,0,240,33.9913214254662,-2.82992903150748,0,0,0,16384
103.423057556152,1648.89892578125,286.677743996415,0,0,240,33.9496376588993,-2.67937795045075,0,0,0,16384
103.42756652832,1649.35913085938,286.288033064529,0,0,240,33.9261804546089,-2.6082260823519,0,0,0,16384
103.4375,1650.00903320313,285.726410590602,0,0,240,33.8903872815148,-2.50403193015149,0,0,0,16384
103.480377197266,1653.3818359375,284.079932878738,0,0,240,33.7814448021476,-2.2003947785879,0,0,0,16384
103.500038146973,1654.03503417969,283.600309793551,0,0,240,33.7482313262762,-2.11234357356202,0,0,0,16384
103.543579101563,1655.20141601563,282.678063076798,0,0,240,33.6653431919923,-1.94603803602635,255,0,0,16384
103.578514099121,1655.70593261719,282.053835350985,0,0,240,33.5684925825358,-1.83620267269258,321,0,0,16384
103.602737426758,1656.28576660156,281.597567797636,0,0,240,33.4774755615685,-1.75709690471992,485,0,0,16384
103.66064453125,1657.47900390625,280.581550924155,0,0,240,33.1783737854257,-1.61883586850349,813,157,0,16384
103.753028869629,1658.92614746094,278.873962901968,0,0,240,32.3353766304993,-1.6051959522866,1698,321,0,16384
103.923950195313,1661.2548828125,275.346127355949,0,0,240,29.0761603870175,-1.63408283216023,1206,354,0,16384
103.96257019043,1661.681640625,274.686899989397,0,0,240,28.5641635338475,-1.65567665717085,1042,354,0,16384
103.993522644043,1661.80358886719,274.21813436608,0,0,240,28.2507774964218,-1.67384753159599,846,354,0,16384
104.032501220703,1661.77697753906,273.667549364545,0,0,240,27.9352391195428,-1.69841825544205,518,354,0,16384
104.060569763184,1661.76818847656,273.281145579545,0,0,240,27.7657051576431,-1.71882065262707,59,387,0,16384
104.112998962402,1661.77221679688,272.593811235757,0,0,240,27.6015847824849,-1.76657264333304,26,354,0,16384
104.191650390625,1662.19201660156,271.561601095329,0,0,240,27.4907726229757,-1.83225509064711,0,354,0,16384
104.23193359375,1662.71252441406,271.004917516385,0,0,240,27.4524296517712,-1.87156650828694,0,354,0,16384
104.261878967285,1663.1123046875,270.594305680118,0,0,240,27.4267009039777,-1.90059507369383,59,387,0,16384
104.291564941406,1663.37280273438,270.19620755154,0,0,240,27.3952856295962,-1.93339615690966,255,354,0,16384
104.323616027832,1663.50244140625,269.764305761898,0,0,240,27.3339723682301,-1.97151762055877,551,354,0,16384
104.375366210938,1663.45434570313,269.006412964785,0,0,240,27.0992806037361,-2.03494196394733,1141,354,0,16384
104.398460388184,1663.45141601563,268.587934433476,0,0,240,26.8706217665637,-2.07215175195617,1567,354,0,16384
104.414093017578,1663.46142578125,268.245482860099,0,0,240,26.6198015591448,-2.10559018388941,1829,354,0,16384
104.438270568848,1663.52111816406,267.552132867847,0,0,240,25.8860193225465,-2.18271619276538,2190,321,0,16384
104.447967529297,1663.59228515625,267.006595012332,0,0,240,25.2662542688827,-2.23846150972591,2190,354,0,16384
104.45174407959,1663.64855957031,266.698231841054,0,0,240,24.8645365117199,-2.27792727512883,1927,321,0,16384
104.459190368652,1663.80969238281,266.007485207029,0,0,240,24.0771060338281,-2.3799483964058,715,321,0,16384
104.470863342285,1663.99377441406,265.396667625627,0,0,240,23.6544423622396,-2.46604270336714,289,354,0,16384
104.479934692383,1664.12512207031,265.020846195768,0,0,240,23.4985023942357,-2.5228545065423,223,354,0,16384
104.488265991211,1664.42858886719,264.633831269505,0,0,240,23.3861684782012,-2.58016785306099,59,321,0,16384
104.4931640625,1664.73034667969,264.389316550119,0,0,240,23.3372625208008,-2.6136138176413,0,321,0,16384
104.516716003418,1666.35717773438,263.255325653716,0,0,240,23.2340292886929,-2.76831409475754,0,289,0,16384
104.528717041016,1666.81323242188,262.739335892194,0,0,240,23.2092871439177,-2.83888841895513,0,255,0,16384
104.537689208984,1666.93701171875,262.376785462385,0,0,240,23.1926424262193,-2.87148031483717,0,0,0,16384
104.54630279541,1667.08532714844,262.043099393574,0,0,240,23.1744310602901,-2.8395661802039,0,0,0,16384
104.556793212891,1667.32482910156,261.600742320314,0,0,240,23.1478241634195,-2.76834204055448,0,0,0,16384
104.564666748047,1667.60632324219,261.139518567178,0,0,240,23.120990358693,-2.73651485070934,0,0,0,16384
104.571022033691,1667.97973632813,260.582332042532,0,0,240,23.0906665167902,-2.75223521519234,0,0,0,16384
104.574600219727,1668.28186035156,260.16949226728,0,0,240,23.0687179106061,-2.77644755345167,0,0,0,16384
104.577239990234,1668.55383300781,259.822003517761,0,0,240,23.0501775958367,-2.7947377638915,0,0,0,16384
104.580055236816,1668.89587402344,259.411479557301,0,0,240,23.0279959408856,-2.81071321889601,0,0,0,16384
104.583915710449,1669.49975585938,258.738365765109,0,0,240,22.9913998840674,-2.82857301016569,0,0,0,16384
104.588134765625,1670.94885253906,257.291605351716,0,0,240,22.9142167778161,-2.87008418972404,0,0,0,16384
104.587913513184,1671.93103027344,256.397938188306,0,0,240,22.867486081643,-2.8995789388888,0,0,0,16384
104.587417602539,1672.23913574219,256.128038957017,0,0,240,22.8534365750597,-2.90853026919249,0,0,0,16384
104.586517333984,1672.64099121094,255.782358939091,0,0,240,22.8354778635138,-2.91996048315391,0,0,0,16384
104.585014343262,1673.12097167969,255.377991717326,0,0,240,22.8144979763483,-2.93346326572893,0,0,0,16384
104.583724975586,1673.45812988281,255.098881267256,0,0,240,22.8000937280409,-2.94284411702393,0,0,0,16384
104.581047058105,1674.03576660156,254.629400074419,0,0,240,22.7759171507725,-2.95883325678627,0,0,0,16384
104.578643798828,1674.46704101563,254.285252133818,0,0,240,22.7569585248376,-2.97075252471665,255,0,0,16384
104.570533752441,1675.22827148438,253.694083873744,0,0,240,22.6092259500255,-2.99576149573292,944,0,0,16384
104.51197052002,1677.44799804688,252.079675054078,0,0,240,21.4355804839207,-3.09097269071339,1239,0,0,16384
104.47908782959,1678.40270996094,251.432422357451,0,0,240,20.8467726763503,-3.13577818622126,1075,0,0,16384
104.46501159668,1678.79870605469,251.171522176377,0,0,240,20.6139153157583,-3.15525996702554,944,0,0,16384
104.444900512695,1679.37182617188,250.801853339446,0,0,240,20.3084069711766,-3.18389271335855,813,0,0,16384
104.415237426758,1680.25085449219,250.251140694544,0,0,240,19.9172049427519,-3.22897253840912,715,0,0,16384
104.37629699707,1681.43298339844,249.540334536792,0,0,240,19.4828960458406,-3.29371147751525,584,-24,0,16384
104.352920532227,1682.17211914063,249.134320837556,0,0,240,19.2590064985208,-3.32007487824135,649,-122,0,16384
104.32958984375,1683.20922851563,248.807236352982,0,0,240,19.0658353136173,-3.30391884160123,813,-253,0,16384
104.262252807617,1685.89672851563,247.767339585472,0,0,240,17.9288615096474,-3.07637888395808,1600,-351,0,16384
104.236915588379,1686.49279785156,247.459530361593,0,0,240,17.4636010382833,-3.04581857724186,1600,-351,0,16384
104.199028015137,1687.35192871094,247.028643191753,0,0,240,16.786210316899,-3.02862830263797,1632,-351,0,16384
104.134796142578,1688.81176757813,246.341181709217,0,0,240,15.5773910906182,-3.00146973167424,2190,-351,0,16384
104.11100769043,1689.32312011719,246.11710299184,0,0,240,15.0871565958061,-2.98928443692514,2518,-351,0,16384
104.080299377441,1689.93896484375,245.859677455467,0,0,240,14.4238764021042,-2.97924986234119,2813,-351,0,16384
104.058067321777,1690.3564453125,245.693840156389,0,0,240,13.9296065470666,-2.97459487519688,3009,-384,0,16384
104.030014038086,1690.85913085938,245.505219138766,0,0,240,13.2913946610563,-2.96420052100947,3107,-384,0,16384
103.963020324707,1691.98718261719,245.117582975228,0,0,240,11.7401946213399,-2.94288758606876,3206,-384,0,16384
103.924987792969,1692.60974121094,244.921229484645,0,0,240,10.8606589259769,-2.93831203081444,2976,-384,0,16384
103.83568572998,1694.14453125,244.477062013537,0,0,240,8.84721166130364,-2.96389373609036,2845,-351,0,16384
103.804107666016,1694.71032714844,244.344563632082,0,0,240,8.13260528941134,-2.9764278948556,2747,-351,0,16384
103.737457275391,1695.98449707031,244.055260372298,0,0,240,6.67544257231798,-3.00287330507679,1436,-351,0,16384
103.657089233398,1698.31652832031,243.623980407378,0,0,240,5.16494003324036,-3.02381334921818,2059,-449,0,16384
103.62313079834,1699.27453613281,243.490077274486,0,0,240,4.38609333294014,-2.99138101781558,2681,-449,0,16384
103.595367431641,1699.93225097656,243.420605335751,0,0,240,3.72336480671602,-2.97039515924985,2518,-481,0,16384
103.523262023926,1701.6787109375,243.285599677233,0,0,240,2.10982107500001,-2.93657027686046,715,-481,0,16384
103.493682861328,1702.98596191406,243.184188914193,0,0,240,1.62864936794092,-2.92230777861168,0,-449,0,16384
103.487655639648,1703.52221679688,243.13900379717,0,0,240,1.57337457753964,-2.92609012965486,0,-449,0,16384
103.483642578125,1704.06079101563,243.095734826487,0,0,240,1.54765210710814,-2.92727096169764,0,-449,0,16384
103.481430053711,1704.49157714844,243.064491225229,0,0,240,1.54073696926521,-2.92551758620312,-286,-449,0,16384
103.467918395996,1706.12414550781,242.967906940448,0,0,240,1.84121941767171,-2.94636423451907,-384,-416,0,16384
103.452011108398,1710.42712402344,242.733570645296,0,0,240,2.00261894026594,-2.91568957066245,0,-449,0,16384
103.451637268066,1712.27282714844,242.618834021402,0,0,240,1.98287808611309,-2.903527116036,0,-449,0,16384
103.452163696289,1712.92517089844,242.577491078106,0,0,240,1.98299395726852,-2.89405888287926,0,-449,0,16384
103.45304107666,1713.76452636719,242.525715388892,0,0,240,1.98473036718115,-2.88483815692301,0,-449,0,16384
103.45531463623,1715.28308105469,242.442762070098,0,0,240,1.98923453738379,-2.8747315153734,0,-449,0,16384
103.459495544434,1716.02404785156,242.395994273382,0,0,240,1.99117486657511,-2.86987564105402,0,-449,0,16384
103.470161437988,1717.62219238281,242.299896063766,0,0,240,1.99473921517414,-2.85831224377647,0,-449,0,16384
103.485466003418,1721.59289550781,242.056080655118,0,0,240,2.00293366507544,-2.830268667062,0,-449,0,16384
103.487373352051,1722.05236816406,242.027844481363,0,0,240,2.0039367677377,-2.82701871941641,0,-449,0,16384
103.491386413574,1722.978515625,241.97075076796,0,0,240,2.00600664464231,-2.82244134568868,0,-449,0,16384
103.493713378906,1723.49938964844,241.938497922707,0,0,240,2.00720292310585,-2.82220491326997,0,-449,0,16384
103.496055603027,1724.00427246094,241.907186520317,0,0,240,2.00831638858104,-2.82152899064034,0,-449,0,16384
103.505966186523,1726.19482421875,241.770860012871,0,0,240,1.96793572663711,-2.81589566345068,649,-449,0,16384
103.504257202148,1727.32604980469,241.708089849767,0,0,240,1.71948071975436,-2.81505953184235,616,-449,0,16384
103.498878479004,1728.92529296875,241.632054656425,0,0,240,1.36586813181208,-2.83427842584399,92,-384,0,16384
103.498260498047,1729.63732910156,241.595772899149,0,0,240,1.29660740979401,-2.87040681635164,26,-351,0,16384
103.498901367188,1731.67993164063,241.488509978106,0,0,240,1.25565070835058,-3.01882669090453,0,-286,0,16384
103.498542785645,1732.173828125,241.465002007336,0,0,240,1.25665479052801,-3.04948835099345,0,-286,0,16384
103.49772644043,1732.70166015625,241.441159573754,0,0,240,1.25858404770254,-3.07684911020932,0,-286,0,16384
103.496337890625,1733.21838378906,241.418750531351,0,0,240,1.2608959670612,-3.10058612045356,0,-286,0,16384
103.495346069336,1733.84985351563,241.370641554036,0,0,240,1.2678123197131,-3.15241863424646,-24,-286,0,16384
103.492897033691,1734.13256835938,241.351935339818,0,0,240,1.27271594976449,-3.17365040269366,-24,-286,0,16384
103.43132019043,1738.63732910156,241.160979927831,0,0,240,1.27964810899949,-3.38508897692276,289,-286,0,16384
103.42000579834,1739.2451171875,241.13865254765,0,0,240,1.24097443248901,-3.40615141748589,223,-384,0,16384
103.376823425293,1741.33935546875,241.041038441076,0,0,240,1.08898244023536,-3.0225882836091,354,-677,0,16384
103.363548278809,1742.03918457031,241.012577942626,0,0,240,1.00221336730003,-2.93350156401578,26,-677,0,16384
103.357749938965,1742.4130859375,240.999333387955,0,0,240,0.976206562980104,-2.90221184683084,0,-677,0,16384
103.340972900391,1745.25170898438,240.914394144552,0,0,240,0.952658395698838,-2.70799865149805,0,-677,0,16384
103.345985412598,1746.88598632813,240.870451215017,0,0,240,0.957702846285074,-2.59518901841015,0,-677,0,16384
103.705490112305,1784.55126953125,238.04655964643,0,0,120,3.98604021200339,-4.14128169849299,0,-384,0,16384
103.661148071289,1785.54846191406,237.96422199601,0,0,120,3.99149597962841,-4.15570567526648,-351,-384,0,16384
103.627449035645,1786.28515625,237.903677027965,0,0,120,4.04146525779834,-4.16674832362524,-971,-384,0,16384
103.58536529541,1787.13049316406,237.831546717189,0,0,120,4.21573256555929,-4.18226988213195,-1690,-351,0,16384
103.551933288574,1787.7412109375,237.775420460761,0,0,120,4.4362284830804,-4.19756354573721,-2245,-351,0,16384
103.511329650879,1788.41870117188,237.707782130795,0,0,120,4.78133882558096,-4.21773182006829,-2832,-351,0,16384
103.382850646973,1790.2041015625,237.497000151713,0,0,120,6.24017293507975,-4.27730616888714,-4302,-318,0,16384
102.970520019531,1794.28515625,236.737204779479,0,0,120,11.8365450125369,-4.3514274722283,-4400,-286,0,16384
102.852546691895,1795.26721191406,236.470684567135,0,0,120,13.4057932542495,-4.34367871606183,-4335,-286,0,16384
102.73331451416,1796.36181640625,236.177651062157,0,0,120,14.964288119473,-4.3227124737693,-4335,-286,0,16384
102.629035949707,1797.33996582031,235.890141922486,0,0,120,16.3294295735295,-4.29770139283855,-4367,-286,0,16384
102.508911132813,1798.716796875,235.530582240914,0,0,120,17.8829678614199,-4.25476682168123,-4367,-286,0,16384
102.375335693359,1800.18151855469,235.074063712529,0,0,120,19.6699433268008,-4.18576822233312,-4367,-286,0,16384
102.017570495605,1804.07202148438,233.546552000676,0,0,120,24.6734301878728,-3.91189956367316,-4171,-253,0,16384
101.954574584961,1804.70910644531,233.209414238264,0,0,120,25.6128184611485,-3.8530812201185,-4106,-155,0,16384
101.90584564209,1805.18664550781,232.925761023289,0,0,120,26.3442366792106,-3.82316147175316,-4041,-57,0,16384
101.806121826172,1806.30419921875,232.289839732396,0,0,120,27.8257449126299,-3.8083540420521,-3910,0,0,16384
101.667526245117,1808.19567871094,231.292436694428,0,0,120,29.9049352185506,-3.74115285712932,-3388,0,0,16384
101.59814453125,1809.39196777344,230.72193712701,0,0,120,30.9522640504368,-3.64191283551789,-2898,0,0,16384
101.519340515137,1811.11413574219,229.871332638367,0,0,120,32.2600393263827,-3.45514505418566,-2539,0,0,16384
101.48104095459,1812.06750488281,229.368290890464,0,0,120,32.9226530891663,-3.34121740289118,-2375,0,0,16384
101.418502807617,1813.9033203125,228.330827607806,0,0,120,34.0787931928514,-3.10537937707422,-1526,0,0,16384
101.401397705078,1814.57153320313,227.931353455428,0,0,120,34.4251487265552,-3.01113076157478,-1102,0,0,16384
101.388824462891,1815.22521972656,227.529158022667,0,0,120,34.7010744830448,-2.91344662117764,-677,0,0,16384
101.379135131836,1816.33190917969,226.8220421936,0,0,120,34.9901777305848,-2.73668905935451,-188,0,0,16384
101.388549804688,1817.75561523438,225.855275513174,0,0,120,35.1252101337681,-2.49617824901948,-188,0,0,16384
101.403373718262,1818.54638671875,225.28272734441,0,0,120,35.1553659727988,-2.35695585678493,-57,0,0,16384
101.436187744141,1819.64489746094,224.424032556492,0,0,120,35.142310657048,-2.1670736660604,0,223,0,16384
101.511672973633,1821.39074707031,222.724027288774,0,0,120,35.0623786508991,-2.09403622534279,-188,452,0,16384
101.538177490234,1821.89306640625,222.166298783095,0,0,120,35.0571085657008,-2.10280966084048,-318,518,0,16384
101.576782226563,1822.56042480469,221.376983569267,0,0,120,35.0896874092977,-2.09735406169561,-384,518,0,16384
101.605453491211,1823.00952148438,220.840262294202,0,0,120,35.1332962102009,-2.07355387734006,-481,518,0,16384
101.629287719727,1823.35681152344,220.414421704285,0,0,120,35.1804507422312,-2.04326137675906,-579,518,0,16384
101.748291015625,1824.86279296875,218.36275727605,0,0,120,35.6022669389533,-1.8646777885447,-677,518,0,16384
101.781806945801,1825.2216796875,217.808577374765,0,0,120,35.7313046674132,-1.81620169077012,-579,518,0,16384
101.814659118652,1825.54296875,217.28448633845,0,0,120,35.8397624843294,-1.77160590646464,-547,518,0,16384
101.863632202148,1825.97424316406,216.536639105367,0,0,120,35.9780941574113,-1.70741401817539,-547,551,0,16384
101.888191223145,1826.17358398438,216.168649436727,0,0,120,36.0420909775912,-1.67961430831814,-514,518,0,16384
101.936950683594,1826.53552246094,215.462758995833,0,0,120,36.1571897024601,-1.62532246789946,-416,518,0,16384
102.070175170898,1827.32043457031,213.735385461522,0,0,120,36.317519527277,-1.46109851105669,-220,518,0,16384
102.105834960938,1827.49145507813,213.307923781548,0,0,120,36.3340498971595,-1.42042966025633,-188,518,0,16384
102.141181945801,1827.64831542969,212.8947308349,0,0,120,36.3438309583543,-1.38234693053499,-24,518,0,16384
102.382247924805,1828.44677734375,210.291372491168,0,0,120,36.2296433855775,-1.18547132965624,0,551,0,16384
102.540344238281,1828.783203125,208.733591037214,0,0,120,36.1245092995533,-1.07274099306912,0,551,0,16384
102.645729064941,1828.94494628906,207.739680502447,0,0,120,36.0550194974109,-1.00320188356835,0,551,0,16384
102.704627990723,1829.01647949219,207.195229380496,0,0,120,36.0165972511979,-0.968076741864958,0,518,0,16384
102.834968566895,1829.13110351563,206.021871948909,0,0,120,35.9325576502357,-0.892088983168606,0,551,0,16384
102.960540771484,1829.19140625,204.91725074473,0,0,120,35.8525989012594,-0.830135906751246,0,551,0,16384
103.050498962402,1829.20727539063,204.142501582175,0,0,120,35.7958407767958,-0.788499240177247,0,551,0,16384
103.2060546875,1829.185546875,202.833066020133,0,0,120,35.6985020070517,-0.720315314580828,0,551,0,16384
103.27082824707,1829.15991210938,202.294970449115,0,0,120,35.6582190446767,-0.696089959659804,0,584,0,16384
103.501510620117,1828.99450683594,200.350125233869,0,0,120,35.5163578871662,-0.674008471599471,0,616,0,16384
103.697708129883,1828.77319335938,198.722188612838,0,0,120,35.3974992518056,-0.657336362344553,0,649,0,16384
103.766128540039,1828.68054199219,198.153431923361,0,0,120,35.35620320179,-0.655777950602326,0,649,0,16384
103.899002075195,1828.48046875,197.053456276171,0,0,120,35.2762629218762,-0.651993833782588,0,649,0,16384
103.980377197266,1828.34558105469,196.381293666124,0,0,120,35.2272964333027,-0.649290358632047,0,649,0,16384
104.086143493652,1828.15783691406,195.506751481908,0,0,120,35.1635727668006,-0.647797541696909,0,682,0,16384
104.277893066406,1827.7822265625,193.888053284166,0,0,120,35.0475239309784,-0.673943908991237,0,649,0,16384
104.500984191895,1827.29675292969,191.972161268246,0,0,120,34.9117481353453,-0.717650384530593,0,715,0,16384
104.55069732666,1827.18200683594,191.53302791495,0,0,120,34.8812760273783,-0.734371512422847,0,715,0,16384
104.6630859375,1826.91442871094,190.526797612279,0,0,120,34.8121379543366,-0.775580795003879,0,715,0,16384
104.797691345215,1826.58190917969,189.305266389716,0,0,120,34.7287423868922,-0.820610565908595,0,715,0,16384
105.047309875488,1825.94250488281,186.957637029779,0,0,120,34.5708026539414,-0.912494256806599,0,715,0,16384
105.101112365723,1825.80212402344,186.432945912292,0,0,120,34.5360834395959,-0.936034654251367,0,715,0,16384
105.153594970703,1825.66479492188,185.914480182553,0,0,120,34.501978925749,-0.960162363243167,0,715,0,16384
105.202758789063,1825.5361328125,185.422657352988,0,0,120,34.4698245428858,-0.983731001100325,0,715,0,16384
105.242820739746,1825.43139648438,185.01561640157,0,0,120,34.4433545317729,-1.00369056154056,0,715,0,16384
105.330436706543,1825.20361328125,184.111584625795,0,0,120,34.385028139761,-1.04950902451797,0,715,0,16384
105.547721862793,1824.64916992188,181.737622438517,0,0,120,34.2353607841408,-1.17994471586679,0,715,0,16384
105.712997436523,1824.25268554688,179.77183790245,0,0,120,34.1155535798359,-1.29883931150921,0,715,0,16384
105.832641601563,1823.99108886719,178.232410764262,0,0,120,34.0247191084449,-1.39829680462737,0,715,0,16384
105.898361206055,1823.86059570313,177.335449903529,0,0,120,33.9729114966349,-1.45882223165857,0,715,0,16384
105.943626403809,1823.77758789063,176.691863082282,0,0,120,33.9362914685227,-1.5033488429981,0,715,0,16384
105.98120880127,1823.71398925781,176.13836659029,0,0,120,33.9051529628129,-1.54234759549254,0,715,0,16384
106.033576965332,1823.63439941406,175.334970329911,0,0,120,33.8606329558801,-1.60009930032049,0,715,0,16384
106.074531555176,1823.58129882813,174.677179858862,0,0,120,33.824783702268,-1.64835578713237,0,715,0,16384
106.1455078125,1823.51318359375,173.46118159343,0,0,120,33.7599216876548,-1.7397368914656,-24,715,0,16384
106.199096679688,1823.4873046875,172.453085346863,0,0,120,33.7248934197794,-1.81802415373577,-188,715,0,16384
106.234344482422,1823.48681640625,171.716943167092,0,0,120,33.7323888595474,-1.87630861911674,-253,715,0,16384
106.25390625,1823.49462890625,171.274047707784,0,0,120,33.7490245811434,-1.91127196451604,-286,715,0,16384
106.28067779541,1823.51611328125,170.620279687365,0,0,120,33.7854373322772,-1.96229087068587,-286,715,0,16384
106.301559448242,1823.54479980469,170.065907508829,0,0,120,33.8217760782636,-2.0048341105768,-286,715,0,16384
106.357429504395,1823.69848632813,168.317224489459,0,0,120,33.9604176925845,-2.13656412513329,-384,715,0,16384
106.369705200195,1823.75622558594,167.846144134009,0,0,120,34.0097409332723,-2.17245944714227,-416,715,0,16384
106.385330200195,1823.85241699219,167.163667489284,0,0,120,34.0952325591561,-2.22388561987148,-481,747,0,16384
106.396759033203,1823.94860839844,166.563387286366,0,0,120,34.1814007769474,-2.27259765401668,-416,715,0,16384
106.425788879395,1824.30419921875,164.801886912087,0,0,120,34.3377133902526,-2.3663459017093,0,551,0,16384
106.436180114746,1824.4345703125,164.294347165624,0,0,120,34.3303758364388,-2.34590897471754,0,354,0,16384
106.466209411621,1824.74975585938,163.333114858548,0,0,120,34.2787074866799,-2.10731806962192,0,0,0,16384
106.487258911133,1824.94360351563,162.839116378006,0,0,120,34.2385736846377,-1.91356862123496,0,0,0,16384
106.50171661377,1825.07873535156,162.490625812207,0,0,120,34.2103152863767,-1.81265898862304,0,0,0,16384
106.524505615234,1825.29333496094,161.919594932238,0,0,120,34.1659764261956,-1.71042374669943,0,0,0,16384
106.540176391602,1825.4375,161.528646326751,0,0,120,34.136470476784,-1.66728006711947,0,0,0,16384
106.611061096191,1826.00744628906,159.985952016814,0,0,120,34.0201569509655,-1.51804490769092,-122,0,0,16384
106.711280822754,1826.62927246094,158.26149183229,0,0,120,33.939172426779,-1.29564655824704,0,0,0,16384
106.750762939453,1826.82763671875,157.670457017776,0,0,120,33.8939184360242,-1.22105402150568,0,0,0,16384
106.848175048828,1827.24230957031,156.322211947112,0,0,120,33.7018491215713,-1.06365110410144,846,0,0,16384
106.939788818359,1827.58776855469,155.012358588452,0,0,120,33.0365309533268,-0.933510937313295,1370,0,0,16384
106.971572875977,1827.69567871094,154.547303165601,0,0,120,32.704181577194,-0.891424702445687,1403,0,0,16384
107.057144165039,1827.93334960938,153.344948786959,0,0,120,31.7872319340108,-0.789488804337436,780,0,0,16384
107.374053955078,1828.24597167969,150.181375791423,0,0,120,30.9902033567957,-0.553539588990435,0,0,0,16384
107.416641235352,1828.25317382813,149.815703134017,0,0,120,30.9547964516822,-0.532811532615605,0,0,0,16384
107.773376464844,1828.10876464844,146.916830690845,0,0,120,30.6711487366723,-0.390887939377159,0,0,0,16384
107.852653503418,1828.03344726563,146.295596441629,0,0,120,30.6089488142809,-0.36444234724762,0,0,0,16384
107.909187316895,1827.97143554688,145.85654043041,0,0,120,30.5649690503269,-0.346775410490934,0,0,0,16384
107.957038879395,1827.91381835938,145.486948577053,0,0,120,30.5279573171365,-0.332587041497803,0,0,0,16384
108.225700378418,1827.51086425781,143.449149999566,0,0,120,30.3229299970782,-0.266292680582393,0,0,0,16384
108.451965332031,1827.07861328125,141.765520748469,0,0,120,30.151734471159,-0.226295262668816,0,0,0,16384
108.631904602051,1826.67736816406,140.408489842125,0,0,120,29.928290826893,-0.206774560658087,944,0,0,16384
108.718505859375,1826.44909667969,139.708391530644,0,0,120,29.5693407303656,-0.208782590548962,1304,0,0,16384
108.760818481445,1826.32482910156,139.34506703845,0,0,120,29.3150601022652,-0.213199029126605,1304,0,0,16384
108.812492370605,1826.16271972656,138.88923902327,0,0,120,28.9624586271007,-0.220742137967388,1338,0,0,16384
108.888999938965,1825.91125488281,138.212006039307,0,0,120,28.3916086743445,-0.236018124399341,1436,0,0,16384
109.122222900391,1825.03503417969,136.040762507579,0,0,120,26.3313107196392,-0.337862275618773,1469,0,0,16384
109.281562805176,1824.35668945313,134.483918424804,0,0,120,24.7227996530471,-0.478973719785942,1338,0,0,16384
109.359985351563,1824.01428222656,133.708794712244,0,0,120,23.9766679289052,-0.570389975351043,944,0,0,16384
109.400825500488,1823.84216308594,133.312978188081,0,0,120,23.6576825896374,-0.621057405763453,747,0,0,16384
109.67350769043,1822.80285644531,130.552311328518,0,0,120,22.015093965976,-1.06737638771189,584,0,0,16384
109.742767333984,1822.56799316406,129.654484947847,0,0,120,21.4353876542578,-1.24720768451352,1534,0,0,16384
109.79076385498,1822.39050292969,128.6067282018,0,0,120,20.2769857446925,-1.49333152113388,1469,0,0,16384
109.802406311035,1822.3544921875,128.16367442899,0,0,120,19.7372137626641,-1.60561683831448,1403,0,0,16384
109.808959960938,1822.34606933594,127.782726120221,0,0,120,19.282246296121,-1.70639795601209,1042,0,0,16384
109.816825866699,1822.38317871094,127.176443869652,0,0,120,18.6879831100015,-1.87717235687441,649,0,0,16384
109.819053649902,1822.41552734375,126.940662823502,0,0,120,18.5147648071608,-1.94351766590974,485,0,0,16384
109.825119018555,1822.81811523438,125.596656021432,0,0,120,18.114828410724,-2.34055451583097,0,0,0,16384
109.819061279297,1823.08386230469,125.078302191217,0,0,120,18.0752406660672,-2.5021039407566,157,-24,0,16384
109.770896911621,1823.82751464844,124.070147491256,0,0,120,17.5422378968552,-2.76010310993635,1665,-155,0,16384
109.740425109863,1824.12475585938,123.768169848589,0,0,120,17.1145584749091,-2.82104127390826,2091,-155,0,16384
109.700653076172,1824.45971679688,123.464887428547,0,0,120,16.5492694545015,-2.8948815890279,2353,-155,0,16384
109.544303894043,1825.59924316406,122.635881205533,0,0,120,14.39487317035,-3.14011018048667,2976,-253,0,16384
109.3525390625,1826.92541503906,121.949956377746,0,0,120,11.9265242536815,-3.33401682243318,2813,-253,0,16384
109.181373596191,1828.19860839844,121.478533997917,0,0,120,10.0120871355852,-3.40826113332047,2124,-481,0,16384
109.018218994141,1829.69323730469,121.054259689039,0,0,120,8.78529354825329,-3.42713538224877,0,-481,0,16384
108.713798522949,1834.35925292969,120.192468901685,0,0,120,8.21234757555314,-2.43851195954958,1173,-1461,0,16384
108.680595397949,1834.962890625,120.11562897219,0,0,120,7.97880087296396,-2.28519174131872,1534,-1461,0,16384
108.576148986816,1836.85815429688,119.856214971556,0,0,120,6.71911245590067,-2.11219102555025,2419,-1069,0,16384
108.420547485352,1839.98205566406,119.427110634813,0,0,120,3.65169674094949,-1.92918804965925,2452,-1037,0,16384
108.395690917969,1840.552734375,119.367319165963,0,0,120,3.04292198060728,-1.8628049458815,2353,-1037,0,16384
108.380836486816,1840.91247558594,119.333602736578,0,0,120,2.65865919514506,-1.82176590680966,2157,-1037,0,16384
108.318840026855,1843.2177734375,119.171183099198,0,0,120,0.606516399504807,-1.56207377354747,1403,-1037,0,16384
108.322601318359,1844.81115722656,119.110770025746,0,0,120,-0.246707561617892,-1.41437474986894,59,-939,0,16384
108.337928771973,1845.3984375,119.093913426671,0,0,120,-0.333247553670372,-1.38736900808518,59,-939,0,16384
108.356384277344,1845.896484375,119.082446341032,0,0,120,-0.370623152586386,-1.34879628119604,26,-939,0,16384
108.378433227539,1846.38024902344,119.075567364417,0,0,120,-0.387924155748529,-1.3006063164579,59,-939,0,16384
108.397041320801,1846.73962402344,119.073554430485,0,0,120,-0.397774597663693,-1.25982867590712,59,-906,0,16384
108.429336547852,1847.28930664063,119.075133791786,0,0,120,-0.412056441875227,-1.19872393092059,26,-906,0,16384
108.563232421875,1849.02233886719,119.087420812456,0,0,120,-0.421135070738775,-1.05864902022471,0,-841,0,16384
108.638671875,1849.78076171875,119.089308753469,0,0,120,-0.417978784115339,-1.04328987471545,0,-841,0,16384
108.692947387695,1850.26477050781,119.090420342634,0,0,120,-0.415304098023211,-1.02305133259625,0,-808,0,16384
108.789741516113,1850.98779296875,119.092717681973,0,0,120,-0.405562458857036,-0.980775489763278,-24,-808,0,16384
108.815795898438,1851.16882324219,119.093303940644,0,0,120,-0.399017252381167,-0.969691905242478,-24,-808,0,16384
108.861274719238,1851.47692871094,119.094189220621,0,0,120,-0.389550307235899,-0.950673455748861,0,-808,0,16384
108.926918029785,1851.89331054688,119.099896122451,0,0,120,-0.383141626067234,-0.92002467047863,0,-808,0,16384
